Command line invocation:
    /Applications/Xcode.app/Contents/Developer/usr/bin/xcodebuild -scheme FinaLit -destination generic/platform=iOS build

Resolve Package Graph


Resolved source packages:
  GTMAppAuth: https://github.com/google/GTMAppAuth.git @ 5.0.0
  AppCheck: https://github.com/google/app-check.git @ 11.2.0
  GoogleDataTransport: https://github.com/google/GoogleDataTransport.git @ 10.1.0
  gRPC: https://github.com/google/grpc-binary.git @ 1.69.1
  abseil: https://github.com/google/abseil-cpp-binary.git @ 1.2024072200.0
  Promises: https://github.com/google/promises.git @ 2.4.0
  nanopb: https://github.com/firebase/nanopb.git @ 2.30910.0
  AppAuth: https://github.com/openid/AppAuth-iOS.git @ 2.0.0
  GTMSessionFetcher: https://github.com/google/gtm-session-fetcher.git @ 3.5.0
  InteropForGoogle: https://github.com/google/interop-ios-for-google-sdks.git @ 101.0.0
  GoogleAppMeasurement: https://github.com/google/GoogleAppMeasurement.git @ 12.8.0
  GoogleAdsOnDeviceConversion: https://github.com/googleads/google-ads-on-device-conversion-ios-sdk @ 3.2.0
  GoogleSignIn: https://github.com/google/GoogleSignIn-iOS @ 9.1.0
  GoogleUtilities: https://github.com/google/GoogleUtilities.git @ 8.1.0
  Firebase: https://github.com/firebase/firebase-ios-sdk @ 12.9.0
  leveldb: https://github.com/firebase/leveldb.git @ 1.22.5

ComputePackagePrebuildTargetDependencyGraph

Prepare packages

CreateBuildRequest

SendProjectDescription

CreateBuildOperation

ComputeTargetDependencyGraph
note: Building targets in dependency order
note: Target dependency graph (86 targets)
    Target 'FinaLit' in project 'FinaLit'
        ➜ Explicit dependency on target 'FirebaseAILogic' in project 'Firebase'
        ➜ Explicit dependency on target 'FirebaseAuth' in project 'Firebase'
        ➜ Explicit dependency on target 'GoogleSignInSwift' in project 'GoogleSignIn'
        ➜ Explicit dependency on target 'FirebaseCore' in project 'Firebase'
        ➜ Explicit dependency on target 'FirebaseFirestore' in project 'Firebase'
        ➜ Explicit dependency on target 'FirebaseAI' in project 'Firebase'
        ➜ Explicit dependency on target 'GoogleSignIn' in project 'GoogleSignIn'
    Target 'GoogleSignIn' in project 'GoogleSignIn'
        ➜ Explicit dependency on target 'GoogleSignIn' in project 'GoogleSignIn'
        ➜ Explicit dependency on target 'GoogleSignIn_GoogleSignIn' in project 'GoogleSignIn'
        ➜ Explicit dependency on target 'AppAuth' in project 'AppAuth'
        ➜ Explicit dependency on target 'AppAuthCore' in project 'AppAuth'
        ➜ Explicit dependency on target 'AppCheckCore' in project 'AppCheck'
        ➜ Explicit dependency on target 'GTMAppAuth' in project 'GTMAppAuth'
        ➜ Explicit dependency on target 'GTMSessionFetcherCore' in project 'GTMSessionFetcher'
    Target 'FirebaseAI' in project 'Firebase'
        ➜ Explicit dependency on target 'FirebaseAI' in project 'Firebase'
        ➜ Explicit dependency on target 'FirebaseAILogic' in project 'Firebase'
        ➜ Explicit dependency on target 'FirebaseAppCheckInterop' in project 'Firebase'
        ➜ Explicit dependency on target 'FirebaseAuthInterop' in project 'Firebase'
        ➜ Explicit dependency on target 'Firebase' in project 'Firebase'
        ➜ Explicit dependency on target 'FirebaseCoreInternal' in project 'Firebase'
        ➜ Explicit dependency on target 'FirebaseCore' in project 'Firebase'
        ➜ Explicit dependency on target 'FirebaseCoreExtension' in project 'Firebase'
        ➜ Explicit dependency on target 'GULNSData' in project 'GoogleUtilities'
        ➜ Explicit dependency on target 'GULEnvironment' in project 'GoogleUtilities'
        ➜ Explicit dependency on target 'GULLogger' in project 'GoogleUtilities'
    Target 'FirebaseAI' in project 'Firebase'
        ➜ Explicit dependency on target 'FirebaseAppCheckInterop' in project 'Firebase'
        ➜ Explicit dependency on target 'FirebaseAuthInterop' in project 'Firebase'
        ➜ Explicit dependency on target 'Firebase' in project 'Firebase'
        ➜ Explicit dependency on target 'FirebaseCoreInternal' in project 'Firebase'
        ➜ Explicit dependency on target 'FirebaseCore' in project 'Firebase'
        ➜ Explicit dependency on target 'FirebaseCoreExtension' in project 'Firebase'
        ➜ Explicit dependency on target 'FirebaseAILogic' in project 'Firebase'
        ➜ Explicit dependency on target 'GULNSData' in project 'GoogleUtilities'
        ➜ Explicit dependency on target 'GULEnvironment' in project 'GoogleUtilities'
        ➜ Explicit dependency on target 'GULLogger' in project 'GoogleUtilities'
    Target 'FirebaseFirestore' in project 'Firebase'
        ➜ Explicit dependency on target 'FirebaseFirestoreTarget' in project 'Firebase'
        ➜ Explicit dependency on target 'FirebaseFirestoreInternalWrapper' in project 'Firebase'
        ➜ Explicit dependency on target 'FirebaseAppCheckInterop' in project 'Firebase'
        ➜ Explicit dependency on target 'Firebase' in project 'Firebase'
        ➜ Explicit dependency on target 'FirebaseCoreInternal' in project 'Firebase'
        ➜ Explicit dependency on target 'FirebaseCore' in project 'Firebase'
        ➜ Explicit dependency on target 'FirebaseCoreExtension' in project 'Firebase'
        ➜ Explicit dependency on target 'FirebaseSharedSwift' in project 'Firebase'
        ➜ Explicit dependency on target 'FirebaseFirestore' in project 'Firebase'
        ➜ Explicit dependency on target 'GULNSData' in project 'GoogleUtilities'
        ➜ Explicit dependency on target 'GULEnvironment' in project 'GoogleUtilities'
        ➜ Explicit dependency on target 'GULLogger' in project 'GoogleUtilities'
        ➜ Explicit dependency on target 'abseil' in project 'abseil'
        ➜ Explicit dependency on target 'gRPC-C++' in project 'gRPC'
        ➜ Explicit dependency on target 'nanopb' in project 'nanopb'
        ➜ Explicit dependency on target 'leveldb' in project 'leveldb'
    Target 'FirebaseFirestoreTarget' in project 'Firebase'
        ➜ Explicit dependency on target 'FirebaseFirestoreInternalWrapper' in project 'Firebase'
        ➜ Explicit dependency on target 'FirebaseAppCheckInterop' in project 'Firebase'
        ➜ Explicit dependency on target 'Firebase' in project 'Firebase'
        ➜ Explicit dependency on target 'FirebaseCoreInternal' in project 'Firebase'
        ➜ Explicit dependency on target 'FirebaseCore' in project 'Firebase'
        ➜ Explicit dependency on target 'FirebaseCoreExtension' in project 'Firebase'
        ➜ Explicit dependency on target 'FirebaseSharedSwift' in project 'Firebase'
        ➜ Explicit dependency on target 'FirebaseFirestore' in project 'Firebase'
        ➜ Explicit dependency on target 'GULNSData' in project 'GoogleUtilities'
        ➜ Explicit dependency on target 'GULEnvironment' in project 'GoogleUtilities'
        ➜ Explicit dependency on target 'GULLogger' in project 'GoogleUtilities'
        ➜ Explicit dependency on target 'abseil' in project 'abseil'
        ➜ Explicit dependency on target 'gRPC-C++' in project 'gRPC'
        ➜ Explicit dependency on target 'nanopb' in project 'nanopb'
        ➜ Explicit dependency on target 'leveldb' in project 'leveldb'
    Target 'FirebaseFirestore' in project 'Firebase'
        ➜ Explicit dependency on target 'Firebase_FirebaseFirestore' in project 'Firebase'
        ➜ Explicit dependency on target 'FirebaseFirestoreInternalWrapper' in project 'Firebase'
        ➜ Explicit dependency on target 'FirebaseAppCheckInterop' in project 'Firebase'
        ➜ Explicit dependency on target 'Firebase' in project 'Firebase'
        ➜ Explicit dependency on target 'FirebaseCoreInternal' in project 'Firebase'
        ➜ Explicit dependency on target 'FirebaseCore' in project 'Firebase'
        ➜ Explicit dependency on target 'FirebaseCoreExtension' in project 'Firebase'
        ➜ Explicit dependency on target 'FirebaseSharedSwift' in project 'Firebase'
        ➜ Explicit dependency on target 'GULNSData' in project 'GoogleUtilities'
        ➜ Explicit dependency on target 'GULEnvironment' in project 'GoogleUtilities'
        ➜ Explicit dependency on target 'GULLogger' in project 'GoogleUtilities'
        ➜ Explicit dependency on target 'abseil' in project 'abseil'
        ➜ Explicit dependency on target 'gRPC-C++' in project 'gRPC'
        ➜ Explicit dependency on target 'nanopb' in project 'nanopb'
        ➜ Explicit dependency on target 'leveldb' in project 'leveldb'
    Target 'leveldb' in project 'leveldb'
        ➜ Explicit dependency on target 'leveldb' in project 'leveldb'
        ➜ Explicit dependency on target 'leveldb_leveldb' in project 'leveldb'
    Target 'leveldb' in project 'leveldb'
        ➜ Explicit dependency on target 'leveldb_leveldb' in project 'leveldb'
    Target 'leveldb_leveldb' in project 'leveldb' (no dependencies)
    Target 'nanopb' in project 'nanopb'
        ➜ Explicit dependency on target 'nanopb' in project 'nanopb'
        ➜ Explicit dependency on target 'nanopb_nanopb' in project 'nanopb'
    Target 'nanopb' in project 'nanopb'
        ➜ Explicit dependency on target 'nanopb_nanopb' in project 'nanopb'
    Target 'nanopb_nanopb' in project 'nanopb' (no dependencies)
    Target 'gRPC-C++' in project 'gRPC'
        ➜ Explicit dependency on target 'grpcppWrapper' in project 'gRPC'
        ➜ Explicit dependency on target 'gRPC_grpcppWrapper' in project 'gRPC'
        ➜ Explicit dependency on target 'grpcWrapper' in project 'gRPC'
        ➜ Explicit dependency on target 'opensslWrapper' in project 'gRPC'
        ➜ Explicit dependency on target 'abseil' in project 'abseil'
    Target 'grpcppWrapper' in project 'gRPC'
        ➜ Explicit dependency on target 'gRPC_grpcppWrapper' in project 'gRPC'
        ➜ Explicit dependency on target 'grpcWrapper' in project 'gRPC'
        ➜ Explicit dependency on target 'opensslWrapper' in project 'gRPC'
        ➜ Explicit dependency on target 'abseil' in project 'abseil'
    Target 'opensslWrapper' in project 'gRPC'
        ➜ Explicit dependency on target 'gRPC_opensslWrapper' in project 'gRPC'
    Target 'gRPC_opensslWrapper' in project 'gRPC' (no dependencies)
    Target 'grpcWrapper' in project 'gRPC'
        ➜ Explicit dependency on target 'gRPC_grpcWrapper' in project 'gRPC'
    Target 'gRPC_grpcWrapper' in project 'gRPC' (no dependencies)
    Target 'gRPC_grpcppWrapper' in project 'gRPC' (no dependencies)
    Target 'abseil' in project 'abseil'
        ➜ Explicit dependency on target 'abslWrapper' in project 'abseil'
        ➜ Explicit dependency on target 'abseil_abslWrapper' in project 'abseil'
    Target 'abslWrapper' in project 'abseil'
        ➜ Explicit dependency on target 'abseil_abslWrapper' in project 'abseil'
    Target 'abseil_abslWrapper' in project 'abseil' (no dependencies)
    Target 'Firebase_FirebaseFirestore' in project 'Firebase' (no dependencies)
    Target 'FirebaseSharedSwift' in project 'Firebase' (no dependencies)
    Target 'FirebaseFirestoreInternalWrapper' in project 'Firebase' (no dependencies)
    Target 'FirebaseCore' in project 'Firebase'
        ➜ Explicit dependency on target 'FirebaseCore' in project 'Firebase'
        ➜ Explicit dependency on target 'Firebase_FirebaseCore' in project 'Firebase'
        ➜ Explicit dependency on target 'Firebase' in project 'Firebase'
        ➜ Explicit dependency on target 'FirebaseCoreInternal' in project 'Firebase'
        ➜ Explicit dependency on target 'GULNSData' in project 'GoogleUtilities'
        ➜ Explicit dependency on target 'GULEnvironment' in project 'GoogleUtilities'
        ➜ Explicit dependency on target 'GULLogger' in project 'GoogleUtilities'
    Target 'GoogleSignInSwift' in project 'GoogleSignIn'
        ➜ Explicit dependency on target 'GoogleSignInSwift' in project 'GoogleSignIn'
        ➜ Explicit dependency on target 'GoogleSignIn_GoogleSignInSwift' in project 'GoogleSignIn'
        ➜ Explicit dependency on target 'GoogleSignIn' in project 'GoogleSignIn'
        ➜ Explicit dependency on target 'AppAuth' in project 'AppAuth'
        ➜ Explicit dependency on target 'AppAuthCore' in project 'AppAuth'
        ➜ Explicit dependency on target 'AppCheckCore' in project 'AppCheck'
        ➜ Explicit dependency on target 'GTMAppAuth' in project 'GTMAppAuth'
        ➜ Explicit dependency on target 'GTMSessionFetcherCore' in project 'GTMSessionFetcher'
    Target 'GoogleSignInSwift' in project 'GoogleSignIn'
        ➜ Explicit dependency on target 'GoogleSignIn_GoogleSignInSwift' in project 'GoogleSignIn'
        ➜ Explicit dependency on target 'GoogleSignIn' in project 'GoogleSignIn'
        ➜ Explicit dependency on target 'AppAuth' in project 'AppAuth'
        ➜ Explicit dependency on target 'AppAuthCore' in project 'AppAuth'
        ➜ Explicit dependency on target 'AppCheckCore' in project 'AppCheck'
        ➜ Explicit dependency on target 'GTMAppAuth' in project 'GTMAppAuth'
        ➜ Explicit dependency on target 'GTMSessionFetcherCore' in project 'GTMSessionFetcher'
    Target 'GoogleSignIn' in project 'GoogleSignIn'
        ➜ Explicit dependency on target 'GoogleSignIn_GoogleSignIn' in project 'GoogleSignIn'
        ➜ Explicit dependency on target 'AppAuth' in project 'AppAuth'
        ➜ Explicit dependency on target 'AppAuthCore' in project 'AppAuth'
        ➜ Explicit dependency on target 'AppCheckCore' in project 'AppCheck'
        ➜ Explicit dependency on target 'GTMAppAuth' in project 'GTMAppAuth'
        ➜ Explicit dependency on target 'GTMSessionFetcherCore' in project 'GTMSessionFetcher'
    Target 'GTMAppAuth' in project 'GTMAppAuth'
        ➜ Explicit dependency on target 'GTMAppAuth' in project 'GTMAppAuth'
        ➜ Explicit dependency on target 'GTMAppAuth_GTMAppAuth' in project 'GTMAppAuth'
        ➜ Explicit dependency on target 'GTMSessionFetcherCore' in project 'GTMSessionFetcher'
        ➜ Explicit dependency on target 'AppAuthCore' in project 'AppAuth'
    Target 'GTMAppAuth' in project 'GTMAppAuth'
        ➜ Explicit dependency on target 'GTMAppAuth_GTMAppAuth' in project 'GTMAppAuth'
        ➜ Explicit dependency on target 'GTMSessionFetcherCore' in project 'GTMSessionFetcher'
        ➜ Explicit dependency on target 'AppAuthCore' in project 'AppAuth'
    Target 'GTMAppAuth_GTMAppAuth' in project 'GTMAppAuth' (no dependencies)
    Target 'AppCheckCore' in project 'AppCheck'
        ➜ Explicit dependency on target 'AppCheckCore' in project 'AppCheck'
        ➜ Explicit dependency on target 'FBLPromises' in project 'Promises'
        ➜ Explicit dependency on target 'GULEnvironment' in project 'GoogleUtilities'
        ➜ Explicit dependency on target 'GULUserDefaults' in project 'GoogleUtilities'
    Target 'AppCheckCore' in project 'AppCheck'
        ➜ Explicit dependency on target 'FBLPromises' in project 'Promises'
        ➜ Explicit dependency on target 'GULEnvironment' in project 'GoogleUtilities'
        ➜ Explicit dependency on target 'GULUserDefaults' in project 'GoogleUtilities'
    Target 'GULUserDefaults' in project 'GoogleUtilities'
        ➜ Explicit dependency on target 'GoogleUtilities-UserDefaults' in project 'GoogleUtilities'
        ➜ Explicit dependency on target 'GoogleUtilities_GoogleUtilities-UserDefaults' in project 'GoogleUtilities'
        ➜ Explicit dependency on target 'third-party-IsAppEncrypted' in project 'GoogleUtilities'
        ➜ Explicit dependency on target 'GoogleUtilities-Environment' in project 'GoogleUtilities'
        ➜ Explicit dependency on target 'GoogleUtilities-Logger' in project 'GoogleUtilities'
    Target 'GoogleUtilities-UserDefaults' in project 'GoogleUtilities'
        ➜ Explicit dependency on target 'GoogleUtilities_GoogleUtilities-UserDefaults' in project 'GoogleUtilities'
        ➜ Explicit dependency on target 'third-party-IsAppEncrypted' in project 'GoogleUtilities'
        ➜ Explicit dependency on target 'GoogleUtilities-Environment' in project 'GoogleUtilities'
        ➜ Explicit dependency on target 'GoogleUtilities-Logger' in project 'GoogleUtilities'
    Target 'GoogleUtilities_GoogleUtilities-UserDefaults' in project 'GoogleUtilities' (no dependencies)
    Target 'FBLPromises' in project 'Promises'
        ➜ Explicit dependency on target 'FBLPromises' in project 'Promises'
        ➜ Explicit dependency on target 'Promises_FBLPromises' in project 'Promises'
    Target 'FBLPromises' in project 'Promises'
        ➜ Explicit dependency on target 'Promises_FBLPromises' in project 'Promises'
    Target 'Promises_FBLPromises' in project 'Promises' (no dependencies)
    Target 'AppAuthCore' in project 'AppAuth'
        ➜ Explicit dependency on target 'AppAuthCore' in project 'AppAuth'
        ➜ Explicit dependency on target 'AppAuth_AppAuthCore' in project 'AppAuth'
    Target 'AppAuth' in project 'AppAuth'
        ➜ Explicit dependency on target 'AppAuth' in project 'AppAuth'
        ➜ Explicit dependency on target 'AppAuth_AppAuth' in project 'AppAuth'
        ➜ Explicit dependency on target 'AppAuthCore' in project 'AppAuth'
    Target 'AppAuth' in project 'AppAuth'
        ➜ Explicit dependency on target 'AppAuth_AppAuth' in project 'AppAuth'
        ➜ Explicit dependency on target 'AppAuthCore' in project 'AppAuth'
    Target 'AppAuthCore' in project 'AppAuth'
        ➜ Explicit dependency on target 'AppAuth_AppAuthCore' in project 'AppAuth'
    Target 'AppAuth_AppAuthCore' in project 'AppAuth' (no dependencies)
    Target 'AppAuth_AppAuth' in project 'AppAuth' (no dependencies)
    Target 'GoogleSignIn_GoogleSignIn' in project 'GoogleSignIn' (no dependencies)
    Target 'GoogleSignIn_GoogleSignInSwift' in project 'GoogleSignIn' (no dependencies)
    Target 'FirebaseAuth' in project 'Firebase'
        ➜ Explicit dependency on target 'FirebaseAuth' in project 'Firebase'
        ➜ Explicit dependency on target 'Firebase_FirebaseAuth' in project 'Firebase'
        ➜ Explicit dependency on target 'FirebaseAppCheckInterop' in project 'Firebase'
        ➜ Explicit dependency on target 'FirebaseAuthInterop' in project 'Firebase'
        ➜ Explicit dependency on target 'FirebaseAuthInternal' in project 'Firebase'
        ➜ Explicit dependency on target 'Firebase' in project 'Firebase'
        ➜ Explicit dependency on target 'FirebaseCoreInternal' in project 'Firebase'
        ➜ Explicit dependency on target 'FirebaseCore' in project 'Firebase'
        ➜ Explicit dependency on target 'FirebaseCoreExtension' in project 'Firebase'
        ➜ Explicit dependency on target 'RecaptchaInterop' in project 'InteropForGoogle'
        ➜ Explicit dependency on target 'GULNSData' in project 'GoogleUtilities'
        ➜ Explicit dependency on target 'GULEnvironment' in project 'GoogleUtilities'
        ➜ Explicit dependency on target 'GULLogger' in project 'GoogleUtilities'
        ➜ Explicit dependency on target 'GULAppDelegateSwizzler' in project 'GoogleUtilities'
        ➜ Explicit dependency on target 'GTMSessionFetcherCore' in project 'GTMSessionFetcher'
    Target 'FirebaseAuth' in project 'Firebase'
        ➜ Explicit dependency on target 'Firebase_FirebaseAuth' in project 'Firebase'
        ➜ Explicit dependency on target 'FirebaseAppCheckInterop' in project 'Firebase'
        ➜ Explicit dependency on target 'FirebaseAuthInterop' in project 'Firebase'
        ➜ Explicit dependency on target 'FirebaseAuthInternal' in project 'Firebase'
        ➜ Explicit dependency on target 'Firebase' in project 'Firebase'
        ➜ Explicit dependency on target 'FirebaseCoreInternal' in project 'Firebase'
        ➜ Explicit dependency on target 'FirebaseCore' in project 'Firebase'
        ➜ Explicit dependency on target 'FirebaseCoreExtension' in project 'Firebase'
        ➜ Explicit dependency on target 'RecaptchaInterop' in project 'InteropForGoogle'
        ➜ Explicit dependency on target 'GULNSData' in project 'GoogleUtilities'
        ➜ Explicit dependency on target 'GULEnvironment' in project 'GoogleUtilities'
        ➜ Explicit dependency on target 'GULLogger' in project 'GoogleUtilities'
        ➜ Explicit dependency on target 'GULAppDelegateSwizzler' in project 'GoogleUtilities'
        ➜ Explicit dependency on target 'GTMSessionFetcherCore' in project 'GTMSessionFetcher'
    Target 'GTMSessionFetcherCore' in project 'GTMSessionFetcher'
        ➜ Explicit dependency on target 'GTMSessionFetcherCore' in project 'GTMSessionFetcher'
        ➜ Explicit dependency on target 'GTMSessionFetcher_GTMSessionFetcherCore' in project 'GTMSessionFetcher'
    Target 'GTMSessionFetcherCore' in project 'GTMSessionFetcher'
        ➜ Explicit dependency on target 'GTMSessionFetcher_GTMSessionFetcherCore' in project 'GTMSessionFetcher'
    Target 'GTMSessionFetcher_GTMSessionFetcherCore' in project 'GTMSessionFetcher' (no dependencies)
    Target 'GULAppDelegateSwizzler' in project 'GoogleUtilities'
        ➜ Explicit dependency on target 'GoogleUtilities-AppDelegateSwizzler' in project 'GoogleUtilities'
        ➜ Explicit dependency on target 'GoogleUtilities_GoogleUtilities-AppDelegateSwizzler' in project 'GoogleUtilities'
        ➜ Explicit dependency on target 'third-party-IsAppEncrypted' in project 'GoogleUtilities'
        ➜ Explicit dependency on target 'GoogleUtilities-Environment' in project 'GoogleUtilities'
        ➜ Explicit dependency on target 'GoogleUtilities-Logger' in project 'GoogleUtilities'
        ➜ Explicit dependency on target 'GoogleUtilities-NSData' in project 'GoogleUtilities'
        ➜ Explicit dependency on target 'GoogleUtilities-Reachability' in project 'GoogleUtilities'
        ➜ Explicit dependency on target 'GoogleUtilities-Network' in project 'GoogleUtilities'
    Target 'GoogleUtilities-AppDelegateSwizzler' in project 'GoogleUtilities'
        ➜ Explicit dependency on target 'GoogleUtilities_GoogleUtilities-AppDelegateSwizzler' in project 'GoogleUtilities'
        ➜ Explicit dependency on target 'third-party-IsAppEncrypted' in project 'GoogleUtilities'
        ➜ Explicit dependency on target 'GoogleUtilities-Environment' in project 'GoogleUtilities'
        ➜ Explicit dependency on target 'GoogleUtilities-Logger' in project 'GoogleUtilities'
        ➜ Explicit dependency on target 'GoogleUtilities-NSData' in project 'GoogleUtilities'
        ➜ Explicit dependency on target 'GoogleUtilities-Reachability' in project 'GoogleUtilities'
        ➜ Explicit dependency on target 'GoogleUtilities-Network' in project 'GoogleUtilities'
    Target 'GoogleUtilities-Network' in project 'GoogleUtilities'
        ➜ Explicit dependency on target 'GoogleUtilities_GoogleUtilities-Network' in project 'GoogleUtilities'
        ➜ Explicit dependency on target 'third-party-IsAppEncrypted' in project 'GoogleUtilities'
        ➜ Explicit dependency on target 'GoogleUtilities-Environment' in project 'GoogleUtilities'
        ➜ Explicit dependency on target 'GoogleUtilities-Logger' in project 'GoogleUtilities'
        ➜ Explicit dependency on target 'GoogleUtilities-NSData' in project 'GoogleUtilities'
        ➜ Explicit dependency on target 'GoogleUtilities-Reachability' in project 'GoogleUtilities'
    Target 'GoogleUtilities_GoogleUtilities-Network' in project 'GoogleUtilities' (no dependencies)
    Target 'GoogleUtilities-Reachability' in project 'GoogleUtilities'
        ➜ Explicit dependency on target 'GoogleUtilities_GoogleUtilities-Reachability' in project 'GoogleUtilities'
        ➜ Explicit dependency on target 'third-party-IsAppEncrypted' in project 'GoogleUtilities'
        ➜ Explicit dependency on target 'GoogleUtilities-Environment' in project 'GoogleUtilities'
        ➜ Explicit dependency on target 'GoogleUtilities-Logger' in project 'GoogleUtilities'
    Target 'GoogleUtilities_GoogleUtilities-Reachability' in project 'GoogleUtilities' (no dependencies)
    Target 'GoogleUtilities_GoogleUtilities-AppDelegateSwizzler' in project 'GoogleUtilities' (no dependencies)
    Target 'FirebaseAuthInternal' in project 'Firebase'
        ➜ Explicit dependency on target 'RecaptchaInterop' in project 'InteropForGoogle'
    Target 'RecaptchaInterop' in project 'InteropForGoogle'
        ➜ Explicit dependency on target 'RecaptchaInterop' in project 'InteropForGoogle'
    Target 'RecaptchaInterop' in project 'InteropForGoogle' (no dependencies)
    Target 'Firebase_FirebaseAuth' in project 'Firebase' (no dependencies)
    Target 'FirebaseAILogic' in project 'Firebase'
        ➜ Explicit dependency on target 'FirebaseAILogic' in project 'Firebase'
        ➜ Explicit dependency on target 'FirebaseAppCheckInterop' in project 'Firebase'
        ➜ Explicit dependency on target 'FirebaseAuthInterop' in project 'Firebase'
        ➜ Explicit dependency on target 'Firebase' in project 'Firebase'
        ➜ Explicit dependency on target 'FirebaseCoreInternal' in project 'Firebase'
        ➜ Explicit dependency on target 'FirebaseCore' in project 'Firebase'
        ➜ Explicit dependency on target 'FirebaseCoreExtension' in project 'Firebase'
        ➜ Explicit dependency on target 'GULNSData' in project 'GoogleUtilities'
        ➜ Explicit dependency on target 'GULEnvironment' in project 'GoogleUtilities'
        ➜ Explicit dependency on target 'GULLogger' in project 'GoogleUtilities'
    Target 'FirebaseAILogic' in project 'Firebase'
        ➜ Explicit dependency on target 'FirebaseAppCheckInterop' in project 'Firebase'
        ➜ Explicit dependency on target 'FirebaseAuthInterop' in project 'Firebase'
        ➜ Explicit dependency on target 'Firebase' in project 'Firebase'
        ➜ Explicit dependency on target 'FirebaseCoreInternal' in project 'Firebase'
        ➜ Explicit dependency on target 'FirebaseCore' in project 'Firebase'
        ➜ Explicit dependency on target 'FirebaseCoreExtension' in project 'Firebase'
        ➜ Explicit dependency on target 'GULNSData' in project 'GoogleUtilities'
        ➜ Explicit dependency on target 'GULEnvironment' in project 'GoogleUtilities'
        ➜ Explicit dependency on target 'GULLogger' in project 'GoogleUtilities'
    Target 'FirebaseCoreExtension' in project 'Firebase'
        ➜ Explicit dependency on target 'Firebase_FirebaseCoreExtension' in project 'Firebase'
    Target 'Firebase_FirebaseCoreExtension' in project 'Firebase' (no dependencies)
    Target 'FirebaseCore' in project 'Firebase'
        ➜ Explicit dependency on target 'Firebase_FirebaseCore' in project 'Firebase'
        ➜ Explicit dependency on target 'Firebase' in project 'Firebase'
        ➜ Explicit dependency on target 'FirebaseCoreInternal' in project 'Firebase'
        ➜ Explicit dependency on target 'GULNSData' in project 'GoogleUtilities'
        ➜ Explicit dependency on target 'GULEnvironment' in project 'GoogleUtilities'
        ➜ Explicit dependency on target 'GULLogger' in project 'GoogleUtilities'
    Target 'GULLogger' in project 'GoogleUtilities'
        ➜ Explicit dependency on target 'GoogleUtilities-Logger' in project 'GoogleUtilities'
        ➜ Explicit dependency on target 'GoogleUtilities_GoogleUtilities-Logger' in project 'GoogleUtilities'
        ➜ Explicit dependency on target 'third-party-IsAppEncrypted' in project 'GoogleUtilities'
        ➜ Explicit dependency on target 'GoogleUtilities-Environment' in project 'GoogleUtilities'
    Target 'GoogleUtilities-Logger' in project 'GoogleUtilities'
        ➜ Explicit dependency on target 'GoogleUtilities_GoogleUtilities-Logger' in project 'GoogleUtilities'
        ➜ Explicit dependency on target 'third-party-IsAppEncrypted' in project 'GoogleUtilities'
        ➜ Explicit dependency on target 'GoogleUtilities-Environment' in project 'GoogleUtilities'
    Target 'GoogleUtilities_GoogleUtilities-Logger' in project 'GoogleUtilities' (no dependencies)
    Target 'GULEnvironment' in project 'GoogleUtilities'
        ➜ Explicit dependency on target 'GoogleUtilities-Environment' in project 'GoogleUtilities'
        ➜ Explicit dependency on target 'GoogleUtilities_GoogleUtilities-Environment' in project 'GoogleUtilities'
        ➜ Explicit dependency on target 'third-party-IsAppEncrypted' in project 'GoogleUtilities'
    Target 'GoogleUtilities-Environment' in project 'GoogleUtilities'
        ➜ Explicit dependency on target 'GoogleUtilities_GoogleUtilities-Environment' in project 'GoogleUtilities'
        ➜ Explicit dependency on target 'third-party-IsAppEncrypted' in project 'GoogleUtilities'
    Target 'third-party-IsAppEncrypted' in project 'GoogleUtilities' (no dependencies)
    Target 'GoogleUtilities_GoogleUtilities-Environment' in project 'GoogleUtilities' (no dependencies)
    Target 'Firebase_FirebaseCore' in project 'Firebase' (no dependencies)
    Target 'FirebaseCoreInternal' in project 'Firebase'
        ➜ Explicit dependency on target 'Firebase_FirebaseCoreInternal' in project 'Firebase'
        ➜ Explicit dependency on target 'GULNSData' in project 'GoogleUtilities'
    Target 'GULNSData' in project 'GoogleUtilities'
        ➜ Explicit dependency on target 'GoogleUtilities-NSData' in project 'GoogleUtilities'
        ➜ Explicit dependency on target 'GoogleUtilities_GoogleUtilities-NSData' in project 'GoogleUtilities'
    Target 'GoogleUtilities-NSData' in project 'GoogleUtilities'
        ➜ Explicit dependency on target 'GoogleUtilities_GoogleUtilities-NSData' in project 'GoogleUtilities'
    Target 'GoogleUtilities_GoogleUtilities-NSData' in project 'GoogleUtilities' (no dependencies)
    Target 'Firebase_FirebaseCoreInternal' in project 'Firebase' (no dependencies)
    Target 'Firebase' in project 'Firebase' (no dependencies)
    Target 'FirebaseAuthInterop' in project 'Firebase' (no dependencies)
    Target 'FirebaseAppCheckInterop' in project 'Firebase' (no dependencies)

GatherProvisioningInputs

CreateBuildDescription

ExecuteExternalTool /Applications/Xcode.app/Contents/Developer/Toolchains/XcodeDefault.xctoolchain/usr/bin/clang -v -E -dM -arch arm64 -isysroot /Applications/Xcode.app/Contents/Developer/Platforms/iPhoneOS.platform/Developer/SDKs/iPhoneOS26.0.sdk -x objective-c -c /dev/null

ExecuteExternalTool /Applications/Xcode.app/Contents/Developer/Toolchains/XcodeDefault.xctoolchain/usr/bin/swiftc --version

ExecuteExternalTool /Applications/Xcode.app/Contents/Developer/Toolchains/XcodeDefault.xctoolchain/usr/bin/clang -v -E -dM -isysroot /Applications/Xcode.app/Contents/Developer/Platforms/iPhoneOS.platform/Developer/SDKs/iPhoneOS26.0.sdk -x c -c /dev/null

ExecuteExternalTool /Applications/Xcode.app/Contents/Developer/Toolchains/XcodeDefault.xctoolchain/usr/bin/clang -v -E -dM -arch arm64 -isysroot /Applications/Xcode.app/Contents/Developer/Platforms/iPhoneOS.platform/Developer/SDKs/iPhoneOS26.0.sdk -x c -c /dev/null

ExecuteExternalTool /Applications/Xcode.app/Contents/Developer/Toolchains/XcodeDefault.xctoolchain/usr/bin/ld -version_details

ExecuteExternalTool /Applications/Xcode.app/Contents/Developer/usr/bin/actool --print-asset-tag-combinations --output-format xml1 /Users/aplle/Desktop/swift learning/FinaLit/FinaLit/Assets.xcassets

ExecuteExternalTool /Applications/Xcode.app/Contents/Developer/usr/bin/actool --version --output-format xml1

ExecuteExternalTool /Applications/Xcode.app/Contents/Developer/Toolchains/XcodeDefault.xctoolchain/usr/bin/clang -v -E -dM -arch arm64 -isysroot /Applications/Xcode.app/Contents/Developer/Platforms/iPhoneOS.platform/Developer/SDKs/iPhoneOS26.0.sdk -x c++ -c /dev/null

Build description signature: 9070a49c13f0419a75383df0eca6eb17
Build description path: /Users/aplle/Library/Developer/Xcode/DerivedData/FinaLit-axmxopijkrmfrafbckwgngfoynqm/Build/Intermediates.noindex/XCBuildData/9070a49c13f0419a75383df0eca6eb17.xcbuilddata
ClangStatCache /Applications/Xcode.app/Contents/Developer/Toolchains/XcodeDefault.xctoolchain/usr/bin/clang-stat-cache /Applications/Xcode.app/Contents/Developer/Platforms/iPhoneOS.platform/Developer/SDKs/iPhoneOS26.0.sdk /Users/aplle/Library/Developer/Xcode/DerivedData/SDKStatCaches.noindex/iphoneos26.0-23A339-81ce72e5b06c9602b9d30b56f2eed08a.sdkstatcache
    cd /Users/aplle/Desktop/swift\ learning/FinaLit/FinaLit.xcodeproj
    /Applications/Xcode.app/Contents/Developer/Toolchains/XcodeDefault.xctoolchain/usr/bin/clang-stat-cache /Applications/Xcode.app/Contents/Developer/Platforms/iPhoneOS.platform/Developer/SDKs/iPhoneOS26.0.sdk -o /Users/aplle/Library/Developer/Xcode/DerivedData/SDKStatCaches.noindex/iphoneos26.0-23A339-81ce72e5b06c9602b9d30b56f2eed08a.sdkstatcache

ProcessInfoPlistFile /Users/aplle/Library/Developer/Xcode/DerivedData/FinaLit-axmxopijkrmfrafbckwgngfoynqm/Build/Products/Debug-iphoneos/gRPC_opensslWrapper.bundle/Info.plist /Users/aplle/Library/Developer/Xcode/DerivedData/FinaLit-axmxopijkrmfrafbckwgngfoynqm/Build/Intermediates.noindex/gRPC.build/Debug-iphoneos/gRPC_opensslWrapper.build/empty-gRPC_opensslWrapper.plist (in target 'gRPC_opensslWrapper' from project 'gRPC')
    cd /Users/aplle/Library/Developer/Xcode/DerivedData/FinaLit-axmxopijkrmfrafbckwgngfoynqm/SourcePackages/checkouts/grpc-binary
    builtin-infoPlistUtility /Users/aplle/Library/Developer/Xcode/DerivedData/FinaLit-axmxopijkrmfrafbckwgngfoynqm/Build/Intermediates.noindex/gRPC.build/Debug-iphoneos/gRPC_opensslWrapper.build/empty-gRPC_opensslWrapper.plist -producttype com.apple.product-type.bundle -expandbuildsettings -format binary -platform iphoneos -requiredArchitecture arm64 -o /Users/aplle/Library/Developer/Xcode/DerivedData/FinaLit-axmxopijkrmfrafbckwgngfoynqm/Build/Products/Debug-iphoneos/gRPC_opensslWrapper.bundle/Info.plist

ProcessInfoPlistFile /Users/aplle/Library/Developer/Xcode/DerivedData/FinaLit-axmxopijkrmfrafbckwgngfoynqm/Build/Products/Debug-iphoneos/Firebase_FirebaseCore.bundle/Info.plist /Users/aplle/Library/Developer/Xcode/DerivedData/FinaLit-axmxopijkrmfrafbckwgngfoynqm/Build/Intermediates.noindex/Firebase.build/Debug-iphoneos/Firebase_FirebaseCore.build/empty-Firebase_FirebaseCore.plist (in target 'Firebase_FirebaseCore' from project 'Firebase')
    cd /Users/aplle/Library/Developer/Xcode/DerivedData/FinaLit-axmxopijkrmfrafbckwgngfoynqm/SourcePackages/checkouts/firebase-ios-sdk
    builtin-infoPlistUtility /Users/aplle/Library/Developer/Xcode/DerivedData/FinaLit-axmxopijkrmfrafbckwgngfoynqm/Build/Intermediates.noindex/Firebase.build/Debug-iphoneos/Firebase_FirebaseCore.build/empty-Firebase_FirebaseCore.plist -producttype com.apple.product-type.bundle -expandbuildsettings -format binary -platform iphoneos -requiredArchitecture arm64 -o /Users/aplle/Library/Developer/Xcode/DerivedData/FinaLit-axmxopijkrmfrafbckwgngfoynqm/Build/Products/Debug-iphoneos/Firebase_FirebaseCore.bundle/Info.plist

ProcessInfoPlistFile /Users/aplle/Library/Developer/Xcode/DerivedData/FinaLit-axmxopijkrmfrafbckwgngfoynqm/Build/Products/Debug-iphoneos/GoogleUtilities_GoogleUtilities-AppDelegateSwizzler.bundle/Info.plist /Users/aplle/Library/Developer/Xcode/DerivedData/FinaLit-axmxopijkrmfrafbckwgngfoynqm/Build/Intermediates.noindex/GoogleUtilities.build/Debug-iphoneos/GoogleUtilities_GoogleUtilities-AppDelegateSwizzler.build/empty-GoogleUtilities_GoogleUtilities-AppDelegateSwizzler.plist (in target 'GoogleUtilities_GoogleUtilities-AppDelegateSwizzler' from project 'GoogleUtilities')
    cd /Users/aplle/Library/Developer/Xcode/DerivedData/FinaLit-axmxopijkrmfrafbckwgngfoynqm/SourcePackages/checkouts/GoogleUtilities
    builtin-infoPlistUtility /Users/aplle/Library/Developer/Xcode/DerivedData/FinaLit-axmxopijkrmfrafbckwgngfoynqm/Build/Intermediates.noindex/GoogleUtilities.build/Debug-iphoneos/GoogleUtilities_GoogleUtilities-AppDelegateSwizzler.build/empty-GoogleUtilities_GoogleUtilities-AppDelegateSwizzler.plist -producttype com.apple.product-type.bundle -expandbuildsettings -format binary -platform iphoneos -requiredArchitecture arm64 -o /Users/aplle/Library/Developer/Xcode/DerivedData/FinaLit-axmxopijkrmfrafbckwgngfoynqm/Build/Products/Debug-iphoneos/GoogleUtilities_GoogleUtilities-AppDelegateSwizzler.bundle/Info.plist

ProcessInfoPlistFile /Users/aplle/Library/Developer/Xcode/DerivedData/FinaLit-axmxopijkrmfrafbckwgngfoynqm/Build/Products/Debug-iphoneos/GoogleUtilities_GoogleUtilities-Environment.bundle/Info.plist /Users/aplle/Library/Developer/Xcode/DerivedData/FinaLit-axmxopijkrmfrafbckwgngfoynqm/Build/Intermediates.noindex/GoogleUtilities.build/Debug-iphoneos/GoogleUtilities_GoogleUtilities-Environment.build/empty-GoogleUtilities_GoogleUtilities-Environment.plist (in target 'GoogleUtilities_GoogleUtilities-Environment' from project 'GoogleUtilities')
    cd /Users/aplle/Library/Developer/Xcode/DerivedData/FinaLit-axmxopijkrmfrafbckwgngfoynqm/SourcePackages/checkouts/GoogleUtilities
    builtin-infoPlistUtility /Users/aplle/Library/Developer/Xcode/DerivedData/FinaLit-axmxopijkrmfrafbckwgngfoynqm/Build/Intermediates.noindex/GoogleUtilities.build/Debug-iphoneos/GoogleUtilities_GoogleUtilities-Environment.build/empty-GoogleUtilities_GoogleUtilities-Environment.plist -producttype com.apple.product-type.bundle -expandbuildsettings -format binary -platform iphoneos -requiredArchitecture arm64 -o /Users/aplle/Library/Developer/Xcode/DerivedData/FinaLit-axmxopijkrmfrafbckwgngfoynqm/Build/Products/Debug-iphoneos/GoogleUtilities_GoogleUtilities-Environment.bundle/Info.plist

ProcessInfoPlistFile /Users/aplle/Library/Developer/Xcode/DerivedData/FinaLit-axmxopijkrmfrafbckwgngfoynqm/Build/Products/Debug-iphoneos/GoogleUtilities_GoogleUtilities-NSData.bundle/Info.plist /Users/aplle/Library/Developer/Xcode/DerivedData/FinaLit-axmxopijkrmfrafbckwgngfoynqm/Build/Intermediates.noindex/GoogleUtilities.build/Debug-iphoneos/GoogleUtilities_GoogleUtilities-NSData.build/empty-GoogleUtilities_GoogleUtilities-NSData.plist (in target 'GoogleUtilities_GoogleUtilities-NSData' from project 'GoogleUtilities')
    cd /Users/aplle/Library/Developer/Xcode/DerivedData/FinaLit-axmxopijkrmfrafbckwgngfoynqm/SourcePackages/checkouts/GoogleUtilities
    builtin-infoPlistUtility /Users/aplle/Library/Developer/Xcode/DerivedData/FinaLit-axmxopijkrmfrafbckwgngfoynqm/Build/Intermediates.noindex/GoogleUtilities.build/Debug-iphoneos/GoogleUtilities_GoogleUtilities-NSData.build/empty-GoogleUtilities_GoogleUtilities-NSData.plist -producttype com.apple.product-type.bundle -expandbuildsettings -format binary -platform iphoneos -requiredArchitecture arm64 -o /Users/aplle/Library/Developer/Xcode/DerivedData/FinaLit-axmxopijkrmfrafbckwgngfoynqm/Build/Products/Debug-iphoneos/GoogleUtilities_GoogleUtilities-NSData.bundle/Info.plist

ProcessInfoPlistFile /Users/aplle/Library/Developer/Xcode/DerivedData/FinaLit-axmxopijkrmfrafbckwgngfoynqm/Build/Products/Debug-iphoneos/GoogleUtilities_GoogleUtilities-Logger.bundle/Info.plist /Users/aplle/Library/Developer/Xcode/DerivedData/FinaLit-axmxopijkrmfrafbckwgngfoynqm/Build/Intermediates.noindex/GoogleUtilities.build/Debug-iphoneos/GoogleUtilities_GoogleUtilities-Logger.build/empty-GoogleUtilities_GoogleUtilities-Logger.plist (in target 'GoogleUtilities_GoogleUtilities-Logger' from project 'GoogleUtilities')
    cd /Users/aplle/Library/Developer/Xcode/DerivedData/FinaLit-axmxopijkrmfrafbckwgngfoynqm/SourcePackages/checkouts/GoogleUtilities
    builtin-infoPlistUtility /Users/aplle/Library/Developer/Xcode/DerivedData/FinaLit-axmxopijkrmfrafbckwgngfoynqm/Build/Intermediates.noindex/GoogleUtilities.build/Debug-iphoneos/GoogleUtilities_GoogleUtilities-Logger.build/empty-GoogleUtilities_GoogleUtilities-Logger.plist -producttype com.apple.product-type.bundle -expandbuildsettings -format binary -platform iphoneos -requiredArchitecture arm64 -o /Users/aplle/Library/Developer/Xcode/DerivedData/FinaLit-axmxopijkrmfrafbckwgngfoynqm/Build/Products/Debug-iphoneos/GoogleUtilities_GoogleUtilities-Logger.bundle/Info.plist

ProcessInfoPlistFile /Users/aplle/Library/Developer/Xcode/DerivedData/FinaLit-axmxopijkrmfrafbckwgngfoynqm/Build/Products/Debug-iphoneos/Firebase_FirebaseAuth.bundle/Info.plist /Users/aplle/Library/Developer/Xcode/DerivedData/FinaLit-axmxopijkrmfrafbckwgngfoynqm/Build/Intermediates.noindex/Firebase.build/Debug-iphoneos/Firebase_FirebaseAuth.build/empty-Firebase_FirebaseAuth.plist (in target 'Firebase_FirebaseAuth' from project 'Firebase')
    cd /Users/aplle/Library/Developer/Xcode/DerivedData/FinaLit-axmxopijkrmfrafbckwgngfoynqm/SourcePackages/checkouts/firebase-ios-sdk
    builtin-infoPlistUtility /Users/aplle/Library/Developer/Xcode/DerivedData/FinaLit-axmxopijkrmfrafbckwgngfoynqm/Build/Intermediates.noindex/Firebase.build/Debug-iphoneos/Firebase_FirebaseAuth.build/empty-Firebase_FirebaseAuth.plist -producttype com.apple.product-type.bundle -expandbuildsettings -format binary -platform iphoneos -requiredArchitecture arm64 -o /Users/aplle/Library/Developer/Xcode/DerivedData/FinaLit-axmxopijkrmfrafbckwgngfoynqm/Build/Products/Debug-iphoneos/Firebase_FirebaseAuth.bundle/Info.plist

ProcessInfoPlistFile /Users/aplle/Library/Developer/Xcode/DerivedData/FinaLit-axmxopijkrmfrafbckwgngfoynqm/Build/Products/Debug-iphoneos/nanopb_nanopb.bundle/Info.plist /Users/aplle/Library/Developer/Xcode/DerivedData/FinaLit-axmxopijkrmfrafbckwgngfoynqm/Build/Intermediates.noindex/nanopb.build/Debug-iphoneos/nanopb_nanopb.build/empty-nanopb_nanopb.plist (in target 'nanopb_nanopb' from project 'nanopb')
    cd /Users/aplle/Library/Developer/Xcode/DerivedData/FinaLit-axmxopijkrmfrafbckwgngfoynqm/SourcePackages/checkouts/nanopb
    builtin-infoPlistUtility /Users/aplle/Library/Developer/Xcode/DerivedData/FinaLit-axmxopijkrmfrafbckwgngfoynqm/Build/Intermediates.noindex/nanopb.build/Debug-iphoneos/nanopb_nanopb.build/empty-nanopb_nanopb.plist -producttype com.apple.product-type.bundle -expandbuildsettings -format binary -platform iphoneos -requiredArchitecture arm64 -o /Users/aplle/Library/Developer/Xcode/DerivedData/FinaLit-axmxopijkrmfrafbckwgngfoynqm/Build/Products/Debug-iphoneos/nanopb_nanopb.bundle/Info.plist

ProcessInfoPlistFile /Users/aplle/Library/Developer/Xcode/DerivedData/FinaLit-axmxopijkrmfrafbckwgngfoynqm/Build/Products/Debug-iphoneos/leveldb_leveldb.bundle/Info.plist /Users/aplle/Library/Developer/Xcode/DerivedData/FinaLit-axmxopijkrmfrafbckwgngfoynqm/Build/Intermediates.noindex/leveldb.build/Debug-iphoneos/leveldb_leveldb.build/empty-leveldb_leveldb.plist (in target 'leveldb_leveldb' from project 'leveldb')
    cd /Users/aplle/Library/Developer/Xcode/DerivedData/FinaLit-axmxopijkrmfrafbckwgngfoynqm/SourcePackages/checkouts/leveldb
    builtin-infoPlistUtility /Users/aplle/Library/Developer/Xcode/DerivedData/FinaLit-axmxopijkrmfrafbckwgngfoynqm/Build/Intermediates.noindex/leveldb.build/Debug-iphoneos/leveldb_leveldb.build/empty-leveldb_leveldb.plist -producttype com.apple.product-type.bundle -expandbuildsettings -format binary -platform iphoneos -requiredArchitecture arm64 -o /Users/aplle/Library/Developer/Xcode/DerivedData/FinaLit-axmxopijkrmfrafbckwgngfoynqm/Build/Products/Debug-iphoneos/leveldb_leveldb.bundle/Info.plist

ProcessInfoPlistFile /Users/aplle/Library/Developer/Xcode/DerivedData/FinaLit-axmxopijkrmfrafbckwgngfoynqm/Build/Products/Debug-iphoneos/gRPC_grpcppWrapper.bundle/Info.plist /Users/aplle/Library/Developer/Xcode/DerivedData/FinaLit-axmxopijkrmfrafbckwgngfoynqm/Build/Intermediates.noindex/gRPC.build/Debug-iphoneos/gRPC_grpcppWrapper.build/empty-gRPC_grpcppWrapper.plist (in target 'gRPC_grpcppWrapper' from project 'gRPC')
    cd /Users/aplle/Library/Developer/Xcode/DerivedData/FinaLit-axmxopijkrmfrafbckwgngfoynqm/SourcePackages/checkouts/grpc-binary
    builtin-infoPlistUtility /Users/aplle/Library/Developer/Xcode/DerivedData/FinaLit-axmxopijkrmfrafbckwgngfoynqm/Build/Intermediates.noindex/gRPC.build/Debug-iphoneos/gRPC_grpcppWrapper.build/empty-gRPC_grpcppWrapper.plist -producttype com.apple.product-type.bundle -expandbuildsettings -format binary -platform iphoneos -requiredArchitecture arm64 -o /Users/aplle/Library/Developer/Xcode/DerivedData/FinaLit-axmxopijkrmfrafbckwgngfoynqm/Build/Products/Debug-iphoneos/gRPC_grpcppWrapper.bundle/Info.plist

ProcessInfoPlistFile /Users/aplle/Library/Developer/Xcode/DerivedData/FinaLit-axmxopijkrmfrafbckwgngfoynqm/Build/Products/Debug-iphoneos/gRPC_grpcWrapper.bundle/Info.plist /Users/aplle/Library/Developer/Xcode/DerivedData/FinaLit-axmxopijkrmfrafbckwgngfoynqm/Build/Intermediates.noindex/gRPC.build/Debug-iphoneos/gRPC_grpcWrapper.build/empty-gRPC_grpcWrapper.plist (in target 'gRPC_grpcWrapper' from project 'gRPC')
    cd /Users/aplle/Library/Developer/Xcode/DerivedData/FinaLit-axmxopijkrmfrafbckwgngfoynqm/SourcePackages/checkouts/grpc-binary
    builtin-infoPlistUtility /Users/aplle/Library/Developer/Xcode/DerivedData/FinaLit-axmxopijkrmfrafbckwgngfoynqm/Build/Intermediates.noindex/gRPC.build/Debug-iphoneos/gRPC_grpcWrapper.build/empty-gRPC_grpcWrapper.plist -producttype com.apple.product-type.bundle -expandbuildsettings -format binary -platform iphoneos -requiredArchitecture arm64 -o /Users/aplle/Library/Developer/Xcode/DerivedData/FinaLit-axmxopijkrmfrafbckwgngfoynqm/Build/Products/Debug-iphoneos/gRPC_grpcWrapper.bundle/Info.plist

ProcessInfoPlistFile /Users/aplle/Library/Developer/Xcode/DerivedData/FinaLit-axmxopijkrmfrafbckwgngfoynqm/Build/Products/Debug-iphoneos/abseil_abslWrapper.bundle/Info.plist /Users/aplle/Library/Developer/Xcode/DerivedData/FinaLit-axmxopijkrmfrafbckwgngfoynqm/Build/Intermediates.noindex/abseil.build/Debug-iphoneos/abseil_abslWrapper.build/empty-abseil_abslWrapper.plist (in target 'abseil_abslWrapper' from project 'abseil')
    cd /Users/aplle/Library/Developer/Xcode/DerivedData/FinaLit-axmxopijkrmfrafbckwgngfoynqm/SourcePackages/checkouts/abseil-cpp-binary
    builtin-infoPlistUtility /Users/aplle/Library/Developer/Xcode/DerivedData/FinaLit-axmxopijkrmfrafbckwgngfoynqm/Build/Intermediates.noindex/abseil.build/Debug-iphoneos/abseil_abslWrapper.build/empty-abseil_abslWrapper.plist -producttype com.apple.product-type.bundle -expandbuildsettings -format binary -platform iphoneos -requiredArchitecture arm64 -o /Users/aplle/Library/Developer/Xcode/DerivedData/FinaLit-axmxopijkrmfrafbckwgngfoynqm/Build/Products/Debug-iphoneos/abseil_abslWrapper.bundle/Info.plist

ProcessInfoPlistFile /Users/aplle/Library/Developer/Xcode/DerivedData/FinaLit-axmxopijkrmfrafbckwgngfoynqm/Build/Products/Debug-iphoneos/Promises_FBLPromises.bundle/Info.plist /Users/aplle/Library/Developer/Xcode/DerivedData/FinaLit-axmxopijkrmfrafbckwgngfoynqm/Build/Intermediates.noindex/Promises.build/Debug-iphoneos/Promises_FBLPromises.build/empty-Promises_FBLPromises.plist (in target 'Promises_FBLPromises' from project 'Promises')
    cd /Users/aplle/Library/Developer/Xcode/DerivedData/FinaLit-axmxopijkrmfrafbckwgngfoynqm/SourcePackages/checkouts/promises
    builtin-infoPlistUtility /Users/aplle/Library/Developer/Xcode/DerivedData/FinaLit-axmxopijkrmfrafbckwgngfoynqm/Build/Intermediates.noindex/Promises.build/Debug-iphoneos/Promises_FBLPromises.build/empty-Promises_FBLPromises.plist -producttype com.apple.product-type.bundle -expandbuildsettings -format binary -platform iphoneos -requiredArchitecture arm64 -o /Users/aplle/Library/Developer/Xcode/DerivedData/FinaLit-axmxopijkrmfrafbckwgngfoynqm/Build/Products/Debug-iphoneos/Promises_FBLPromises.bundle/Info.plist

ProcessInfoPlistFile /Users/aplle/Library/Developer/Xcode/DerivedData/FinaLit-axmxopijkrmfrafbckwgngfoynqm/Build/Products/Debug-iphoneos/GoogleUtilities_GoogleUtilities-UserDefaults.bundle/Info.plist /Users/aplle/Library/Developer/Xcode/DerivedData/FinaLit-axmxopijkrmfrafbckwgngfoynqm/Build/Intermediates.noindex/GoogleUtilities.build/Debug-iphoneos/GoogleUtilities_GoogleUtilities-UserDefaults.build/empty-GoogleUtilities_GoogleUtilities-UserDefaults.plist (in target 'GoogleUtilities_GoogleUtilities-UserDefaults' from project 'GoogleUtilities')
    cd /Users/aplle/Library/Developer/Xcode/DerivedData/FinaLit-axmxopijkrmfrafbckwgngfoynqm/SourcePackages/checkouts/GoogleUtilities
    builtin-infoPlistUtility /Users/aplle/Library/Developer/Xcode/DerivedData/FinaLit-axmxopijkrmfrafbckwgngfoynqm/Build/Intermediates.noindex/GoogleUtilities.build/Debug-iphoneos/GoogleUtilities_GoogleUtilities-UserDefaults.build/empty-GoogleUtilities_GoogleUtilities-UserDefaults.plist -producttype com.apple.product-type.bundle -expandbuildsettings -format binary -platform iphoneos -requiredArchitecture arm64 -o /Users/aplle/Library/Developer/Xcode/DerivedData/FinaLit-axmxopijkrmfrafbckwgngfoynqm/Build/Products/Debug-iphoneos/GoogleUtilities_GoogleUtilities-UserDefaults.bundle/Info.plist

ProcessInfoPlistFile /Users/aplle/Library/Developer/Xcode/DerivedData/FinaLit-axmxopijkrmfrafbckwgngfoynqm/Build/Products/Debug-iphoneos/GoogleUtilities_GoogleUtilities-Reachability.bundle/Info.plist /Users/aplle/Library/Developer/Xcode/DerivedData/FinaLit-axmxopijkrmfrafbckwgngfoynqm/Build/Intermediates.noindex/GoogleUtilities.build/Debug-iphoneos/GoogleUtilities_GoogleUtilities-Reachability.build/empty-GoogleUtilities_GoogleUtilities-Reachability.plist (in target 'GoogleUtilities_GoogleUtilities-Reachability' from project 'GoogleUtilities')
    cd /Users/aplle/Library/Developer/Xcode/DerivedData/FinaLit-axmxopijkrmfrafbckwgngfoynqm/SourcePackages/checkouts/GoogleUtilities
    builtin-infoPlistUtility /Users/aplle/Library/Developer/Xcode/DerivedData/FinaLit-axmxopijkrmfrafbckwgngfoynqm/Build/Intermediates.noindex/GoogleUtilities.build/Debug-iphoneos/GoogleUtilities_GoogleUtilities-Reachability.build/empty-GoogleUtilities_GoogleUtilities-Reachability.plist -producttype com.apple.product-type.bundle -expandbuildsettings -format binary -platform iphoneos -requiredArchitecture arm64 -o /Users/aplle/Library/Developer/Xcode/DerivedData/FinaLit-axmxopijkrmfrafbckwgngfoynqm/Build/Products/Debug-iphoneos/GoogleUtilities_GoogleUtilities-Reachability.bundle/Info.plist

ProcessInfoPlistFile /Users/aplle/Library/Developer/Xcode/DerivedData/FinaLit-axmxopijkrmfrafbckwgngfoynqm/Build/Products/Debug-iphoneos/GoogleUtilities_GoogleUtilities-Network.bundle/Info.plist /Users/aplle/Library/Developer/Xcode/DerivedData/FinaLit-axmxopijkrmfrafbckwgngfoynqm/Build/Intermediates.noindex/GoogleUtilities.build/Debug-iphoneos/GoogleUtilities_GoogleUtilities-Network.build/empty-GoogleUtilities_GoogleUtilities-Network.plist (in target 'GoogleUtilities_GoogleUtilities-Network' from project 'GoogleUtilities')
    cd /Users/aplle/Library/Developer/Xcode/DerivedData/FinaLit-axmxopijkrmfrafbckwgngfoynqm/SourcePackages/checkouts/GoogleUtilities
    builtin-infoPlistUtility /Users/aplle/Library/Developer/Xcode/DerivedData/FinaLit-axmxopijkrmfrafbckwgngfoynqm/Build/Intermediates.noindex/GoogleUtilities.build/Debug-iphoneos/GoogleUtilities_GoogleUtilities-Network.build/empty-GoogleUtilities_GoogleUtilities-Network.plist -producttype com.apple.product-type.bundle -expandbuildsettings -format binary -platform iphoneos -requiredArchitecture arm64 -o /Users/aplle/Library/Developer/Xcode/DerivedData/FinaLit-axmxopijkrmfrafbckwgngfoynqm/Build/Products/Debug-iphoneos/GoogleUtilities_GoogleUtilities-Network.bundle/Info.plist

ProcessInfoPlistFile /Users/aplle/Library/Developer/Xcode/DerivedData/FinaLit-axmxopijkrmfrafbckwgngfoynqm/Build/Products/Debug-iphoneos/GoogleSignIn_GoogleSignInSwift.bundle/Info.plist /Users/aplle/Library/Developer/Xcode/DerivedData/FinaLit-axmxopijkrmfrafbckwgngfoynqm/Build/Intermediates.noindex/GoogleSignIn.build/Debug-iphoneos/GoogleSignIn_GoogleSignInSwift.build/empty-GoogleSignIn_GoogleSignInSwift.plist (in target 'GoogleSignIn_GoogleSignInSwift' from project 'GoogleSignIn')
    cd /Users/aplle/Library/Developer/Xcode/DerivedData/FinaLit-axmxopijkrmfrafbckwgngfoynqm/SourcePackages/checkouts/GoogleSignIn-iOS
    builtin-infoPlistUtility /Users/aplle/Library/Developer/Xcode/DerivedData/FinaLit-axmxopijkrmfrafbckwgngfoynqm/Build/Intermediates.noindex/GoogleSignIn.build/Debug-iphoneos/GoogleSignIn_GoogleSignInSwift.build/empty-GoogleSignIn_GoogleSignInSwift.plist -producttype com.apple.product-type.bundle -expandbuildsettings -format binary -platform iphoneos -requiredArchitecture arm64 -o /Users/aplle/Library/Developer/Xcode/DerivedData/FinaLit-axmxopijkrmfrafbckwgngfoynqm/Build/Products/Debug-iphoneos/GoogleSignIn_GoogleSignInSwift.bundle/Info.plist

ProcessInfoPlistFile /Users/aplle/Library/Developer/Xcode/DerivedData/FinaLit-axmxopijkrmfrafbckwgngfoynqm/Build/Products/Debug-iphoneos/GoogleSignIn_GoogleSignIn.bundle/Info.plist /Users/aplle/Library/Developer/Xcode/DerivedData/FinaLit-axmxopijkrmfrafbckwgngfoynqm/Build/Intermediates.noindex/GoogleSignIn.build/Debug-iphoneos/GoogleSignIn_GoogleSignIn.build/empty-GoogleSignIn_GoogleSignIn.plist (in target 'GoogleSignIn_GoogleSignIn' from project 'GoogleSignIn')
    cd /Users/aplle/Library/Developer/Xcode/DerivedData/FinaLit-axmxopijkrmfrafbckwgngfoynqm/SourcePackages/checkouts/GoogleSignIn-iOS
    builtin-infoPlistUtility /Users/aplle/Library/Developer/Xcode/DerivedData/FinaLit-axmxopijkrmfrafbckwgngfoynqm/Build/Intermediates.noindex/GoogleSignIn.build/Debug-iphoneos/GoogleSignIn_GoogleSignIn.build/empty-GoogleSignIn_GoogleSignIn.plist -producttype com.apple.product-type.bundle -expandbuildsettings -format binary -platform iphoneos -requiredArchitecture arm64 -o /Users/aplle/Library/Developer/Xcode/DerivedData/FinaLit-axmxopijkrmfrafbckwgngfoynqm/Build/Products/Debug-iphoneos/GoogleSignIn_GoogleSignIn.bundle/Info.plist

ProcessInfoPlistFile /Users/aplle/Library/Developer/Xcode/DerivedData/FinaLit-axmxopijkrmfrafbckwgngfoynqm/Build/Products/Debug-iphoneos/GTMSessionFetcher_GTMSessionFetcherCore.bundle/Info.plist /Users/aplle/Library/Developer/Xcode/DerivedData/FinaLit-axmxopijkrmfrafbckwgngfoynqm/Build/Intermediates.noindex/GTMSessionFetcher.build/Debug-iphoneos/GTMSessionFetcher_GTMSessionFetcherCore.build/empty-GTMSessionFetcher_GTMSessionFetcherCore.plist (in target 'GTMSessionFetcher_GTMSessionFetcherCore' from project 'GTMSessionFetcher')
    cd /Users/aplle/Library/Developer/Xcode/DerivedData/FinaLit-axmxopijkrmfrafbckwgngfoynqm/SourcePackages/checkouts/gtm-session-fetcher
    builtin-infoPlistUtility /Users/aplle/Library/Developer/Xcode/DerivedData/FinaLit-axmxopijkrmfrafbckwgngfoynqm/Build/Intermediates.noindex/GTMSessionFetcher.build/Debug-iphoneos/GTMSessionFetcher_GTMSessionFetcherCore.build/empty-GTMSessionFetcher_GTMSessionFetcherCore.plist -producttype com.apple.product-type.bundle -expandbuildsettings -format binary -platform iphoneos -requiredArchitecture arm64 -o /Users/aplle/Library/Developer/Xcode/DerivedData/FinaLit-axmxopijkrmfrafbckwgngfoynqm/Build/Products/Debug-iphoneos/GTMSessionFetcher_GTMSessionFetcherCore.bundle/Info.plist

ProcessInfoPlistFile /Users/aplle/Library/Developer/Xcode/DerivedData/FinaLit-axmxopijkrmfrafbckwgngfoynqm/Build/Products/Debug-iphoneos/GTMAppAuth_GTMAppAuth.bundle/Info.plist /Users/aplle/Library/Developer/Xcode/DerivedData/FinaLit-axmxopijkrmfrafbckwgngfoynqm/Build/Intermediates.noindex/GTMAppAuth.build/Debug-iphoneos/GTMAppAuth_GTMAppAuth.build/empty-GTMAppAuth_GTMAppAuth.plist (in target 'GTMAppAuth_GTMAppAuth' from project 'GTMAppAuth')
    cd /Users/aplle/Library/Developer/Xcode/DerivedData/FinaLit-axmxopijkrmfrafbckwgngfoynqm/SourcePackages/checkouts/GTMAppAuth
    builtin-infoPlistUtility /Users/aplle/Library/Developer/Xcode/DerivedData/FinaLit-axmxopijkrmfrafbckwgngfoynqm/Build/Intermediates.noindex/GTMAppAuth.build/Debug-iphoneos/GTMAppAuth_GTMAppAuth.build/empty-GTMAppAuth_GTMAppAuth.plist -producttype com.apple.product-type.bundle -expandbuildsettings -format binary -platform iphoneos -requiredArchitecture arm64 -o /Users/aplle/Library/Developer/Xcode/DerivedData/FinaLit-axmxopijkrmfrafbckwgngfoynqm/Build/Products/Debug-iphoneos/GTMAppAuth_GTMAppAuth.bundle/Info.plist

ProcessInfoPlistFile /Users/aplle/Library/Developer/Xcode/DerivedData/FinaLit-axmxopijkrmfrafbckwgngfoynqm/Build/Products/Debug-iphoneos/Firebase_FirebaseFirestore.bundle/Info.plist /Users/aplle/Library/Developer/Xcode/DerivedData/FinaLit-axmxopijkrmfrafbckwgngfoynqm/Build/Intermediates.noindex/Firebase.build/Debug-iphoneos/Firebase_FirebaseFirestore.build/empty-Firebase_FirebaseFirestore.plist (in target 'Firebase_FirebaseFirestore' from project 'Firebase')
    cd /Users/aplle/Library/Developer/Xcode/DerivedData/FinaLit-axmxopijkrmfrafbckwgngfoynqm/SourcePackages/checkouts/firebase-ios-sdk
    builtin-infoPlistUtility /Users/aplle/Library/Developer/Xcode/DerivedData/FinaLit-axmxopijkrmfrafbckwgngfoynqm/Build/Intermediates.noindex/Firebase.build/Debug-iphoneos/Firebase_FirebaseFirestore.build/empty-Firebase_FirebaseFirestore.plist -producttype com.apple.product-type.bundle -expandbuildsettings -format binary -platform iphoneos -requiredArchitecture arm64 -o /Users/aplle/Library/Developer/Xcode/DerivedData/FinaLit-axmxopijkrmfrafbckwgngfoynqm/Build/Products/Debug-iphoneos/Firebase_FirebaseFirestore.bundle/Info.plist

ProcessInfoPlistFile /Users/aplle/Library/Developer/Xcode/DerivedData/FinaLit-axmxopijkrmfrafbckwgngfoynqm/Build/Products/Debug-iphoneos/Firebase_FirebaseCoreInternal.bundle/Info.plist /Users/aplle/Library/Developer/Xcode/DerivedData/FinaLit-axmxopijkrmfrafbckwgngfoynqm/Build/Intermediates.noindex/Firebase.build/Debug-iphoneos/Firebase_FirebaseCoreInternal.build/empty-Firebase_FirebaseCoreInternal.plist (in target 'Firebase_FirebaseCoreInternal' from project 'Firebase')
    cd /Users/aplle/Library/Developer/Xcode/DerivedData/FinaLit-axmxopijkrmfrafbckwgngfoynqm/SourcePackages/checkouts/firebase-ios-sdk
    builtin-infoPlistUtility /Users/aplle/Library/Developer/Xcode/DerivedData/FinaLit-axmxopijkrmfrafbckwgngfoynqm/Build/Intermediates.noindex/Firebase.build/Debug-iphoneos/Firebase_FirebaseCoreInternal.build/empty-Firebase_FirebaseCoreInternal.plist -producttype com.apple.product-type.bundle -expandbuildsettings -format binary -platform iphoneos -requiredArchitecture arm64 -o /Users/aplle/Library/Developer/Xcode/DerivedData/FinaLit-axmxopijkrmfrafbckwgngfoynqm/Build/Products/Debug-iphoneos/Firebase_FirebaseCoreInternal.bundle/Info.plist

ProcessInfoPlistFile /Users/aplle/Library/Developer/Xcode/DerivedData/FinaLit-axmxopijkrmfrafbckwgngfoynqm/Build/Products/Debug-iphoneos/Firebase_FirebaseCoreExtension.bundle/Info.plist /Users/aplle/Library/Developer/Xcode/DerivedData/FinaLit-axmxopijkrmfrafbckwgngfoynqm/Build/Intermediates.noindex/Firebase.build/Debug-iphoneos/Firebase_FirebaseCoreExtension.build/empty-Firebase_FirebaseCoreExtension.plist (in target 'Firebase_FirebaseCoreExtension' from project 'Firebase')
    cd /Users/aplle/Library/Developer/Xcode/DerivedData/FinaLit-axmxopijkrmfrafbckwgngfoynqm/SourcePackages/checkouts/firebase-ios-sdk
    builtin-infoPlistUtility /Users/aplle/Library/Developer/Xcode/DerivedData/FinaLit-axmxopijkrmfrafbckwgngfoynqm/Build/Intermediates.noindex/Firebase.build/Debug-iphoneos/Firebase_FirebaseCoreExtension.build/empty-Firebase_FirebaseCoreExtension.plist -producttype com.apple.product-type.bundle -expandbuildsettings -format binary -platform iphoneos -requiredArchitecture arm64 -o /Users/aplle/Library/Developer/Xcode/DerivedData/FinaLit-axmxopijkrmfrafbckwgngfoynqm/Build/Products/Debug-iphoneos/Firebase_FirebaseCoreExtension.bundle/Info.plist

ProcessInfoPlistFile /Users/aplle/Library/Developer/Xcode/DerivedData/FinaLit-axmxopijkrmfrafbckwgngfoynqm/Build/Products/Debug-iphoneos/AppAuth_AppAuthCore.bundle/Info.plist /Users/aplle/Library/Developer/Xcode/DerivedData/FinaLit-axmxopijkrmfrafbckwgngfoynqm/Build/Intermediates.noindex/AppAuth.build/Debug-iphoneos/AppAuth_AppAuthCore.build/empty-AppAuth_AppAuthCore.plist (in target 'AppAuth_AppAuthCore' from project 'AppAuth')
    cd /Users/aplle/Library/Developer/Xcode/DerivedData/FinaLit-axmxopijkrmfrafbckwgngfoynqm/SourcePackages/checkouts/AppAuth-iOS
    builtin-infoPlistUtility /Users/aplle/Library/Developer/Xcode/DerivedData/FinaLit-axmxopijkrmfrafbckwgngfoynqm/Build/Intermediates.noindex/AppAuth.build/Debug-iphoneos/AppAuth_AppAuthCore.build/empty-AppAuth_AppAuthCore.plist -producttype com.apple.product-type.bundle -expandbuildsettings -format binary -platform iphoneos -requiredArchitecture arm64 -o /Users/aplle/Library/Developer/Xcode/DerivedData/FinaLit-axmxopijkrmfrafbckwgngfoynqm/Build/Products/Debug-iphoneos/AppAuth_AppAuthCore.bundle/Info.plist

ProcessInfoPlistFile /Users/aplle/Library/Developer/Xcode/DerivedData/FinaLit-axmxopijkrmfrafbckwgngfoynqm/Build/Products/Debug-iphoneos/AppAuth_AppAuth.bundle/Info.plist /Users/aplle/Library/Developer/Xcode/DerivedData/FinaLit-axmxopijkrmfrafbckwgngfoynqm/Build/Intermediates.noindex/AppAuth.build/Debug-iphoneos/AppAuth_AppAuth.build/empty-AppAuth_AppAuth.plist (in target 'AppAuth_AppAuth' from project 'AppAuth')
    cd /Users/aplle/Library/Developer/Xcode/DerivedData/FinaLit-axmxopijkrmfrafbckwgngfoynqm/SourcePackages/checkouts/AppAuth-iOS
    builtin-infoPlistUtility /Users/aplle/Library/Developer/Xcode/DerivedData/FinaLit-axmxopijkrmfrafbckwgngfoynqm/Build/Intermediates.noindex/AppAuth.build/Debug-iphoneos/AppAuth_AppAuth.build/empty-AppAuth_AppAuth.plist -producttype com.apple.product-type.bundle -expandbuildsettings -format binary -platform iphoneos -requiredArchitecture arm64 -o /Users/aplle/Library/Developer/Xcode/DerivedData/FinaLit-axmxopijkrmfrafbckwgngfoynqm/Build/Products/Debug-iphoneos/AppAuth_AppAuth.bundle/Info.plist

SwiftDriver FinaLit normal arm64 com.apple.xcode.tools.swift.compiler (in target 'FinaLit' from project 'FinaLit')
    cd /Users/aplle/Desktop/swift\ learning/FinaLit
    builtin-SwiftDriver -- /Applications/Xcode.app/Contents/Developer/Toolchains/XcodeDefault.xctoolchain/usr/bin/swiftc -module-name FinaLit -Onone -enforce-exclusivity\=checked @/Users/aplle/Library/Developer/Xcode/DerivedData/FinaLit-axmxopijkrmfrafbckwgngfoynqm/Build/Intermediates.noindex/FinaLit.build/Debug-iphoneos/FinaLit.build/Objects-normal/arm64/FinaLit.SwiftFileList -DDEBUG -Xcc -fmodule-map-file\=/Users/aplle/Library/Developer/Xcode/DerivedData/FinaLit-axmxopijkrmfrafbckwgngfoynqm/Build/Intermediates.noindex/GeneratedModuleMaps-iphoneos/RecaptchaInterop.modulemap -Xcc -fmodule-map-file\=/Users/aplle/Library/Developer/Xcode/DerivedData/FinaLit-axmxopijkrmfrafbckwgngfoynqm/Build/Intermediates.noindex/GeneratedModuleMaps-iphoneos/GoogleUtilities-Network.modulemap -Xcc -fmodule-map-file\=/Users/aplle/Library/Developer/Xcode/DerivedData/FinaLit-axmxopijkrmfrafbckwgngfoynqm/Build/Intermediates.noindex/GeneratedModuleMaps-iphoneos/GoogleUtilities-Reachability.modulemap -Xcc -fmodule-map-file\=/Users/aplle/Library/Developer/Xcode/DerivedData/FinaLit-axmxopijkrmfrafbckwgngfoynqm/Build/Intermediates.noindex/GeneratedModuleMaps-iphoneos/GoogleUtilities-AppDelegateSwizzler.modulemap -Xcc -fmodule-map-file\=/Users/aplle/Library/Developer/Xcode/DerivedData/FinaLit-axmxopijkrmfrafbckwgngfoynqm/Build/Intermediates.noindex/GeneratedModuleMaps-iphoneos/FirebaseAuthInternal.modulemap -Xcc -fmodule-map-file\=/Users/aplle/Library/Developer/Xcode/DerivedData/FinaLit-axmxopijkrmfrafbckwgngfoynqm/Build/Intermediates.noindex/GeneratedModuleMaps-iphoneos/abslWrapper.modulemap -Xcc -fmodule-map-file\=/Users/aplle/Library/Developer/Xcode/DerivedData/FinaLit-axmxopijkrmfrafbckwgngfoynqm/Build/Intermediates.noindex/GeneratedModuleMaps-iphoneos/opensslWrapper.modulemap -Xcc -fmodule-map-file\=/Users/aplle/Library/Developer/Xcode/DerivedData/FinaLit-axmxopijkrmfrafbckwgngfoynqm/Build/Intermediates.noindex/GeneratedModuleMaps-iphoneos/grpcWrapper.modulemap -Xcc -fmodule-map-file\=/Users/aplle/Library/Developer/Xcode/DerivedData/FinaLit-axmxopijkrmfrafbckwgngfoynqm/Build/Intermediates.noindex/GeneratedModuleMaps-iphoneos/grpcppWrapper.modulemap -Xcc -fmodule-map-file\=/Users/aplle/Library/Developer/Xcode/DerivedData/FinaLit-axmxopijkrmfrafbckwgngfoynqm/Build/Intermediates.noindex/GeneratedModuleMaps-iphoneos/nanopb.modulemap -Xcc -fmodule-map-file\=/Users/aplle/Library/Developer/Xcode/DerivedData/FinaLit-axmxopijkrmfrafbckwgngfoynqm/Build/Intermediates.noindex/GeneratedModuleMaps-iphoneos/leveldb.modulemap -Xcc -fmodule-map-file\=/Users/aplle/Library/Developer/Xcode/DerivedData/FinaLit-axmxopijkrmfrafbckwgngfoynqm/Build/Intermediates.noindex/GeneratedModuleMaps-iphoneos/FirebaseFirestoreInternalWrapper.modulemap -Xcc -fmodule-map-file\=/Users/aplle/Library/Developer/Xcode/DerivedData/FinaLit-axmxopijkrmfrafbckwgngfoynqm/Build/Intermediates.noindex/GeneratedModuleMaps-iphoneos/FirebaseFirestoreTarget.modulemap -Xcc -fmodule-map-file\=/Users/aplle/Library/Developer/Xcode/DerivedData/FinaLit-axmxopijkrmfrafbckwgngfoynqm/Build/Intermediates.noindex/GeneratedModuleMaps-iphoneos/GoogleUtilities-NSData.modulemap -Xcc -fmodule-map-file\=/Users/aplle/Library/Developer/Xcode/DerivedData/FinaLit-axmxopijkrmfrafbckwgngfoynqm/Build/Intermediates.noindex/GeneratedModuleMaps-iphoneos/FirebaseCoreExtension.modulemap -Xcc -fmodule-map-file\=/Users/aplle/Library/Developer/Xcode/DerivedData/FinaLit-axmxopijkrmfrafbckwgngfoynqm/Build/Intermediates.noindex/GeneratedModuleMaps-iphoneos/FirebaseCore.modulemap -Xcc -fmodule-map-file\=/Users/aplle/Library/Developer/Xcode/DerivedData/FinaLit-axmxopijkrmfrafbckwgngfoynqm/Build/Intermediates.noindex/GeneratedModuleMaps-iphoneos/FirebaseAuthInterop.modulemap -Xcc -fmodule-map-file\=/Users/aplle/Library/Developer/Xcode/DerivedData/FinaLit-axmxopijkrmfrafbckwgngfoynqm/Build/Intermediates.noindex/GeneratedModuleMaps-iphoneos/FirebaseAppCheckInterop.modulemap -Xcc -fmodule-map-file\=/Users/aplle/Library/Developer/Xcode/DerivedData/FinaLit-axmxopijkrmfrafbckwgngfoynqm/Build/Intermediates.noindex/GeneratedModuleMaps-iphoneos/AppAuth.modulemap -Xcc -fmodule-map-file\=/Users/aplle/Library/Developer/Xcode/DerivedData/FinaLit-axmxopijkrmfrafbckwgngfoynqm/Build/Intermediates.noindex/GeneratedModuleMaps-iphoneos/AppAuthCore.modulemap -Xcc -fmodule-map-file\=/Users/aplle/Library/Developer/Xcode/DerivedData/FinaLit-axmxopijkrmfrafbckwgngfoynqm/Build/Intermediates.noindex/GeneratedModuleMaps-iphoneos/GoogleUtilities-Logger.modulemap -Xcc -fmodule-map-file\=/Users/aplle/Library/Developer/Xcode/DerivedData/FinaLit-axmxopijkrmfrafbckwgngfoynqm/Build/Intermediates.noindex/GeneratedModuleMaps-iphoneos/GoogleUtilities-Environment.modulemap -Xcc -fmodule-map-file\=/Users/aplle/Library/Developer/Xcode/DerivedData/FinaLit-axmxopijkrmfrafbckwgngfoynqm/Build/Intermediates.noindex/GeneratedModuleMaps-iphoneos/third-party-IsAppEncrypted.modulemap -Xcc -fmodule-map-file\=/Users/aplle/Library/Developer/Xcode/DerivedData/FinaLit-axmxopijkrmfrafbckwgngfoynqm/Build/Intermediates.noindex/GeneratedModuleMaps-iphoneos/GoogleUtilities-UserDefaults.modulemap -Xcc -fmodule-map-file\=/Users/aplle/Library/Developer/Xcode/DerivedData/FinaLit-axmxopijkrmfrafbckwgngfoynqm/Build/Intermediates.noindex/GeneratedModuleMaps-iphoneos/AppCheckCore.modulemap -Xcc -fmodule-map-file\=/Users/aplle/Library/Developer/Xcode/DerivedData/FinaLit-axmxopijkrmfrafbckwgngfoynqm/Build/Intermediates.noindex/GeneratedModuleMaps-iphoneos/GTMSessionFetcherCore.modulemap -Xcc -fmodule-map-file\=/Users/aplle/Library/Developer/Xcode/DerivedData/FinaLit-axmxopijkrmfrafbckwgngfoynqm/Build/Intermediates.noindex/GeneratedModuleMaps-iphoneos/GoogleSignIn.modulemap -default-isolation\=MainActor -enable-bare-slash-regex -enable-upcoming-feature DisableOutwardActorInference -enable-upcoming-feature InferSendableFromCaptures -enable-upcoming-feature GlobalActorIsolatedTypesUsability -enable-upcoming-feature MemberImportVisibility -enable-upcoming-feature InferIsolatedConformances -enable-upcoming-feature NonisolatedNonsendingByDefault -enable-experimental-feature DebugDescriptionMacro -sdk /Applications/Xcode.app/Contents/Developer/Platforms/iPhoneOS.platform/Developer/SDKs/iPhoneOS26.0.sdk -target arm64-apple-ios18.0 -g -module-cache-path /Users/aplle/Library/Developer/Xcode/DerivedData/ModuleCache.noindex -Xfrontend -serialize-debugging-options -enable-testing -index-store-path /Users/aplle/Library/Developer/Xcode/DerivedData/FinaLit-axmxopijkrmfrafbckwgngfoynqm/Index.noindex/DataStore -Xcc -D_LIBCPP_HARDENING_MODE\=_LIBCPP_HARDENING_MODE_DEBUG -swift-version 5 -I /Users/aplle/Library/Developer/Xcode/DerivedData/FinaLit-axmxopijkrmfrafbckwgngfoynqm/Build/Products/Debug-iphoneos -F /Users/aplle/Library/Developer/Xcode/DerivedData/FinaLit-axmxopijkrmfrafbckwgngfoynqm/Build/Products/Debug-iphoneos/PackageFrameworks -F /Users/aplle/Library/Developer/Xcode/DerivedData/FinaLit-axmxopijkrmfrafbckwgngfoynqm/Build/Products/Debug-iphoneos/PackageFrameworks -F /Users/aplle/Library/Developer/Xcode/DerivedData/FinaLit-axmxopijkrmfrafbckwgngfoynqm/Build/Products/Debug-iphoneos/PackageFrameworks -F /Users/aplle/Library/Developer/Xcode/DerivedData/FinaLit-axmxopijkrmfrafbckwgngfoynqm/Build/Products/Debug-iphoneos/PackageFrameworks -F /Users/aplle/Library/Developer/Xcode/DerivedData/FinaLit-axmxopijkrmfrafbckwgngfoynqm/Build/Products/Debug-iphoneos/PackageFrameworks -F /Users/aplle/Library/Developer/Xcode/DerivedData/FinaLit-axmxopijkrmfrafbckwgngfoynqm/Build/Products/Debug-iphoneos/PackageFrameworks -F /Users/aplle/Library/Developer/Xcode/DerivedData/FinaLit-axmxopijkrmfrafbckwgngfoynqm/Build/Products/Debug-iphoneos/PackageFrameworks -F /Users/aplle/Library/Developer/Xcode/DerivedData/FinaLit-axmxopijkrmfrafbckwgngfoynqm/Build/Products/Debug-iphoneos/PackageFrameworks -F /Users/aplle/Library/Developer/Xcode/DerivedData/FinaLit-axmxopijkrmfrafbckwgngfoynqm/Build/Products/Debug-iphoneos/PackageFrameworks -F /Users/aplle/Library/Developer/Xcode/DerivedData/FinaLit-axmxopijkrmfrafbckwgngfoynqm/Build/Products/Debug-iphoneos/PackageFrameworks -F /Users/aplle/Library/Developer/Xcode/DerivedData/FinaLit-axmxopijkrmfrafbckwgngfoynqm/Build/Products/Debug-iphoneos/PackageFrameworks -F /Users/aplle/Library/Developer/Xcode/DerivedData/FinaLit-axmxopijkrmfrafbckwgngfoynqm/Build/Products/Debug-iphoneos/PackageFrameworks -F /Users/aplle/Library/Developer/Xcode/DerivedData/FinaLit-axmxopijkrmfrafbckwgngfoynqm/Build/Products/Debug-iphoneos/PackageFrameworks -F /Users/aplle/Library/Developer/Xcode/DerivedData/FinaLit-axmxopijkrmfrafbckwgngfoynqm/Build/Products/Debug-iphoneos/PackageFrameworks -F /Users/aplle/Library/Developer/Xcode/DerivedData/FinaLit-axmxopijkrmfrafbckwgngfoynqm/Build/Products/Debug-iphoneos/PackageFrameworks -F /Users/aplle/Library/Developer/Xcode/DerivedData/FinaLit-axmxopijkrmfrafbckwgngfoynqm/Build/Products/Debug-iphoneos/PackageFrameworks -F /Users/aplle/Library/Developer/Xcode/DerivedData/FinaLit-axmxopijkrmfrafbckwgngfoynqm/Build/Products/Debug-iphoneos/PackageFrameworks -F /Users/aplle/Library/Developer/Xcode/DerivedData/FinaLit-axmxopijkrmfrafbckwgngfoynqm/Build/Products/Debug-iphoneos/PackageFrameworks -F /Users/aplle/Library/Developer/Xcode/DerivedData/FinaLit-axmxopijkrmfrafbckwgngfoynqm/Build/Products/Debug-iphoneos/PackageFrameworks -F /Users/aplle/Library/Developer/Xcode/DerivedData/FinaLit-axmxopijkrmfrafbckwgngfoynqm/Build/Products/Debug-iphoneos/PackageFrameworks -F /Users/aplle/Library/Developer/Xcode/DerivedData/FinaLit-axmxopijkrmfrafbckwgngfoynqm/Build/Products/Debug-iphoneos/PackageFrameworks -F /Users/aplle/Library/Developer/Xcode/DerivedData/FinaLit-axmxopijkrmfrafbckwgngfoynqm/Build/Products/Debug-iphoneos/PackageFrameworks -F /Users/aplle/Library/Developer/Xcode/DerivedData/FinaLit-axmxopijkrmfrafbckwgngfoynqm/Build/Products/Debug-iphoneos/PackageFrameworks -F /Users/aplle/Library/Developer/Xcode/DerivedData/FinaLit-axmxopijkrmfrafbckwgngfoynqm/Build/Products/Debug-iphoneos/PackageFrameworks -F /Users/aplle/Library/Developer/Xcode/DerivedData/FinaLit-axmxopijkrmfrafbckwgngfoynqm/Build/Products/Debug-iphoneos/PackageFrameworks -F /Users/aplle/Library/Developer/Xcode/DerivedData/FinaLit-axmxopijkrmfrafbckwgngfoynqm/Build/Products/Debug-iphoneos/PackageFrameworks -F /Users/aplle/Library/Developer/Xcode/DerivedData/FinaLit-axmxopijkrmfrafbckwgngfoynqm/Build/Products/Debug-iphoneos/PackageFrameworks -F /Users/aplle/Library/Developer/Xcode/DerivedData/FinaLit-axmxopijkrmfrafbckwgngfoynqm/Build/Products/Debug-iphoneos/PackageFrameworks -F /Users/aplle/Library/Developer/Xcode/DerivedData/FinaLit-axmxopijkrmfrafbckwgngfoynqm/Build/Products/Debug-iphoneos/PackageFrameworks -F /Users/aplle/Library/Developer/Xcode/DerivedData/FinaLit-axmxopijkrmfrafbckwgngfoynqm/Build/Products/Debug-iphoneos/PackageFrameworks -F /Users/aplle/Library/Developer/Xcode/DerivedData/FinaLit-axmxopijkrmfrafbckwgngfoynqm/Build/Products/Debug-iphoneos/PackageFrameworks -F /Users/aplle/Library/Developer/Xcode/DerivedData/FinaLit-axmxopijkrmfrafbckwgngfoynqm/Build/Products/Debug-iphoneos/PackageFrameworks -F /Users/aplle/Library/Developer/Xcode/DerivedData/FinaLit-axmxopijkrmfrafbckwgngfoynqm/Build/Products/Debug-iphoneos/PackageFrameworks -F /Users/aplle/Library/Developer/Xcode/DerivedData/FinaLit-axmxopijkrmfrafbckwgngfoynqm/Build/Products/Debug-iphoneos/PackageFrameworks -F /Users/aplle/Library/Developer/Xcode/DerivedData/FinaLit-axmxopijkrmfrafbckwgngfoynqm/Build/Products/Debug-iphoneos/PackageFrameworks -F /Users/aplle/Library/Developer/Xcode/DerivedData/FinaLit-axmxopijkrmfrafbckwgngfoynqm/Build/Products/Debug-iphoneos/PackageFrameworks -F /Users/aplle/Library/Developer/Xcode/DerivedData/FinaLit-axmxopijkrmfrafbckwgngfoynqm/Build/Products/Debug-iphoneos/PackageFrameworks -F /Users/aplle/Library/Developer/Xcode/DerivedData/FinaLit-axmxopijkrmfrafbckwgngfoynqm/Build/Products/Debug-iphoneos -emit-localized-strings -emit-localized-strings-path /Users/aplle/Library/Developer/Xcode/DerivedData/FinaLit-axmxopijkrmfrafbckwgngfoynqm/Build/Intermediates.noindex/FinaLit.build/Debug-iphoneos/FinaLit.build/Objects-normal/arm64 -c -j10 -enable-batch-mode -incremental -Xcc -ivfsstatcache -Xcc /Users/aplle/Library/Developer/Xcode/DerivedData/SDKStatCaches.noindex/iphoneos26.0-23A339-81ce72e5b06c9602b9d30b56f2eed08a.sdkstatcache -output-file-map /Users/aplle/Library/Developer/Xcode/DerivedData/FinaLit-axmxopijkrmfrafbckwgngfoynqm/Build/Intermediates.noindex/FinaLit.build/Debug-iphoneos/FinaLit.build/Objects-normal/arm64/FinaLit-OutputFileMap.json -use-frontend-parseable-output -save-temps -no-color-diagnostics -explicit-module-build -module-cache-path /Users/aplle/Library/Developer/Xcode/DerivedData/FinaLit-axmxopijkrmfrafbckwgngfoynqm/Build/Intermediates.noindex/SwiftExplicitPrecompiledModules -clang-scanner-module-cache-path /Users/aplle/Library/Developer/Xcode/DerivedData/ModuleCache.noindex -sdk-module-cache-path /Users/aplle/Library/Developer/Xcode/DerivedData/ModuleCache.noindex -serialize-diagnostics -emit-dependencies -emit-module -emit-module-path /Users/aplle/Library/Developer/Xcode/DerivedData/FinaLit-axmxopijkrmfrafbckwgngfoynqm/Build/Intermediates.noindex/FinaLit.build/Debug-iphoneos/FinaLit.build/Objects-normal/arm64/FinaLit.swiftmodule -validate-clang-modules-once -clang-build-session-file /Users/aplle/Library/Developer/Xcode/DerivedData/ModuleCache.noindex/Session.modulevalidation -Xcc -I/Users/aplle/Library/Developer/Xcode/DerivedData/FinaLit-axmxopijkrmfrafbckwgngfoynqm/Build/Intermediates.noindex/FinaLit.build/Debug-iphoneos/FinaLit.build/swift-overrides.hmap -emit-const-values -Xfrontend -const-gather-protocols-file -Xfrontend /Users/aplle/Library/Developer/Xcode/DerivedData/FinaLit-axmxopijkrmfrafbckwgngfoynqm/Build/Intermediates.noindex/FinaLit.build/Debug-iphoneos/FinaLit.build/Objects-normal/arm64/FinaLit_const_extract_protocols.json -Xcc -iquote -Xcc /Users/aplle/Library/Developer/Xcode/DerivedData/FinaLit-axmxopijkrmfrafbckwgngfoynqm/Build/Intermediates.noindex/FinaLit.build/Debug-iphoneos/FinaLit.build/FinaLit-generated-files.hmap -Xcc -I/Users/aplle/Library/Developer/Xcode/DerivedData/FinaLit-axmxopijkrmfrafbckwgngfoynqm/Build/Intermediates.noindex/FinaLit.build/Debug-iphoneos/FinaLit.build/FinaLit-own-target-headers.hmap -Xcc -I/Users/aplle/Library/Developer/Xcode/DerivedData/FinaLit-axmxopijkrmfrafbckwgngfoynqm/Build/Intermediates.noindex/FinaLit.build/Debug-iphoneos/FinaLit.build/FinaLit-all-non-framework-target-headers.hmap -Xcc -ivfsoverlay -Xcc /Users/aplle/Library/Developer/Xcode/DerivedData/FinaLit-axmxopijkrmfrafbckwgngfoynqm/Build/Intermediates.noindex/FinaLit.build/Debug-iphoneos/FinaLit-47043bb7366f0fef3c449638f38c5be4-VFS-iphoneos/all-product-headers.yaml -Xcc -iquote -Xcc /Users/aplle/Library/Developer/Xcode/DerivedData/FinaLit-axmxopijkrmfrafbckwgngfoynqm/Build/Intermediates.noindex/FinaLit.build/Debug-iphoneos/FinaLit.build/FinaLit-project-headers.hmap -Xcc -I/Users/aplle/Library/Developer/Xcode/DerivedData/FinaLit-axmxopijkrmfrafbckwgngfoynqm/SourcePackages/checkouts/interop-ios-for-google-sdks/RecaptchaEnterprise/RecaptchaInterop/Public -Xcc -I/Users/aplle/Library/Developer/Xcode/DerivedData/FinaLit-axmxopijkrmfrafbckwgngfoynqm/SourcePackages/checkouts/GoogleUtilities/GoogleUtilities/Network/Public -Xcc -I/Users/aplle/Library/Developer/Xcode/DerivedData/FinaLit-axmxopijkrmfrafbckwgngfoynqm/SourcePackages/checkouts/GoogleUtilities/GoogleUtilities/Reachability/Public -Xcc -I/Users/aplle/Library/Developer/Xcode/DerivedData/FinaLit-axmxopijkrmfrafbckwgngfoynqm/SourcePackages/checkouts/GoogleUtilities/GoogleUtilities/AppDelegateSwizzler/Public -Xcc -I/Users/aplle/Library/Developer/Xcode/DerivedData/FinaLit-axmxopijkrmfrafbckwgngfoynqm/SourcePackages/checkouts/firebase-ios-sdk/FirebaseAuth/Sources/Public -Xcc -I/Users/aplle/Library/Developer/Xcode/DerivedData/FinaLit-axmxopijkrmfrafbckwgngfoynqm/SourcePackages/checkouts/abseil-cpp-binary/absl-Wrapper/include -Xcc -I/Users/aplle/Library/Developer/Xcode/DerivedData/FinaLit-axmxopijkrmfrafbckwgngfoynqm/SourcePackages/checkouts/grpc-binary/openssl-grpc-Wrapper/include -Xcc -I/Users/aplle/Library/Developer/Xcode/DerivedData/FinaLit-axmxopijkrmfrafbckwgngfoynqm/SourcePackages/checkouts/grpc-binary/grpc-Wrapper/include -Xcc -I/Users/aplle/Library/Developer/Xcode/DerivedData/FinaLit-axmxopijkrmfrafbckwgngfoynqm/SourcePackages/checkouts/grpc-binary/grpcpp-Wrapper/include -Xcc -I/Users/aplle/Library/Developer/Xcode/DerivedData/FinaLit-axmxopijkrmfrafbckwgngfoynqm/SourcePackages/checkouts/nanopb/spm_headers -Xcc -I/Users/aplle/Library/Developer/Xcode/DerivedData/FinaLit-axmxopijkrmfrafbckwgngfoynqm/SourcePackages/checkouts/leveldb/include -Xcc -I/Users/aplle/Library/Developer/Xcode/DerivedData/FinaLit-axmxopijkrmfrafbckwgngfoynqm/SourcePackages/checkouts/firebase-ios-sdk/FirebaseFirestoreInternal -Xcc -I/Users/aplle/Library/Developer/Xcode/DerivedData/FinaLit-axmxopijkrmfrafbckwgngfoynqm/SourcePackages/checkouts/firebase-ios-sdk/SwiftPM-PlatformExclude/FirebaseFirestoreWrap/include -Xcc -I/Users/aplle/Library/Developer/Xcode/DerivedData/FinaLit-axmxopijkrmfrafbckwgngfoynqm/SourcePackages/checkouts/GoogleUtilities/GoogleUtilities/NSData+zlib/Public -Xcc -I/Users/aplle/Library/Developer/Xcode/DerivedData/FinaLit-axmxopijkrmfrafbckwgngfoynqm/SourcePackages/checkouts/firebase-ios-sdk/FirebaseCore/Extension -Xcc -I/Users/aplle/Library/Developer/Xcode/DerivedData/FinaLit-axmxopijkrmfrafbckwgngfoynqm/SourcePackages/checkouts/firebase-ios-sdk/FirebaseCore/Sources/Public -Xcc -I/Users/aplle/Library/Developer/Xcode/DerivedData/FinaLit-axmxopijkrmfrafbckwgngfoynqm/SourcePackages/checkouts/firebase-ios-sdk/CoreOnly/Sources -Xcc -I/Users/aplle/Library/Developer/Xcode/DerivedData/FinaLit-axmxopijkrmfrafbckwgngfoynqm/SourcePackages/checkouts/firebase-ios-sdk/FirebaseAuth/Interop/Public -Xcc -I/Users/aplle/Library/Developer/Xcode/DerivedData/FinaLit-axmxopijkrmfrafbckwgngfoynqm/SourcePackages/checkouts/firebase-ios-sdk/FirebaseAppCheck/Interop/Public -Xcc -I/Users/aplle/Library/Developer/Xcode/DerivedData/FinaLit-axmxopijkrmfrafbckwgngfoynqm/SourcePackages/checkouts/AppAuth-iOS/Sources/AppAuth -Xcc -I/Users/aplle/Library/Developer/Xcode/DerivedData/FinaLit-axmxopijkrmfrafbckwgngfoynqm/SourcePackages/checkouts/AppAuth-iOS/Sources/AppAuthCore -Xcc -I/Users/aplle/Library/Developer/Xcode/DerivedData/FinaLit-axmxopijkrmfrafbckwgngfoynqm/SourcePackages/checkouts/promises/Sources/FBLPromises/include -Xcc -I/Users/aplle/Library/Developer/Xcode/DerivedData/FinaLit-axmxopijkrmfrafbckwgngfoynqm/SourcePackages/checkouts/GoogleUtilities/GoogleUtilities/Logger/Public -Xcc -I/Users/aplle/Library/Developer/Xcode/DerivedData/FinaLit-axmxopijkrmfrafbckwgngfoynqm/SourcePackages/checkouts/GoogleUtilities/GoogleUtilities/Environment/Public -Xcc -I/Users/aplle/Library/Developer/Xcode/DerivedData/FinaLit-axmxopijkrmfrafbckwgngfoynqm/SourcePackages/checkouts/GoogleUtilities/third_party/IsAppEncrypted/Public -Xcc -I/Users/aplle/Library/Developer/Xcode/DerivedData/FinaLit-axmxopijkrmfrafbckwgngfoynqm/SourcePackages/checkouts/GoogleUtilities/GoogleUtilities/UserDefaults/Public -Xcc -I/Users/aplle/Library/Developer/Xcode/DerivedData/FinaLit-axmxopijkrmfrafbckwgngfoynqm/SourcePackages/checkouts/app-check/AppCheckCore/Sources/Public -Xcc -I/Users/aplle/Library/Developer/Xcode/DerivedData/FinaLit-axmxopijkrmfrafbckwgngfoynqm/SourcePackages/checkouts/gtm-session-fetcher/Sources/Core/Public -Xcc -I/Users/aplle/Library/Developer/Xcode/DerivedData/FinaLit-axmxopijkrmfrafbckwgngfoynqm/SourcePackages/checkouts/GoogleSignIn-iOS/GoogleSignIn/Sources/Public -Xcc -I/Users/aplle/Library/Developer/Xcode/DerivedData/FinaLit-axmxopijkrmfrafbckwgngfoynqm/Build/Products/Debug-iphoneos/include -Xcc -I/Users/aplle/Library/Developer/Xcode/DerivedData/FinaLit-axmxopijkrmfrafbckwgngfoynqm/Build/Intermediates.noindex/FinaLit.build/Debug-iphoneos/FinaLit.build/DerivedSources-normal/arm64 -Xcc -I/Users/aplle/Library/Developer/Xcode/DerivedData/FinaLit-axmxopijkrmfrafbckwgngfoynqm/Build/Intermediates.noindex/FinaLit.build/Debug-iphoneos/FinaLit.build/DerivedSources/arm64 -Xcc -I/Users/aplle/Library/Developer/Xcode/DerivedData/FinaLit-axmxopijkrmfrafbckwgngfoynqm/Build/Intermediates.noindex/FinaLit.build/Debug-iphoneos/FinaLit.build/DerivedSources -Xcc -DDEBUG\=1 -emit-objc-header -emit-objc-header-path /Users/aplle/Library/Developer/Xcode/DerivedData/FinaLit-axmxopijkrmfrafbckwgngfoynqm/Build/Intermediates.noindex/FinaLit.build/Debug-iphoneos/FinaLit.build/Objects-normal/arm64/FinaLit-Swift.h -working-directory /Users/aplle/Desktop/swift\ learning/FinaLit -experimental-emit-module-separately -disable-cmo

CopyStringsFile /Users/aplle/Library/Developer/Xcode/DerivedData/FinaLit-axmxopijkrmfrafbckwgngfoynqm/Build/Products/Debug-iphoneos/FinaLit.app/az.lproj/Localizable.strings /Users/aplle/Desktop/swift\ learning/FinaLit/FinaLit/App/az.lproj/Localizable.strings (in target 'FinaLit' from project 'FinaLit')
    cd /Users/aplle/Desktop/swift\ learning/FinaLit
    builtin-copyStrings --validate --outputencoding binary --outfilename Localizable.strings --outdir /Users/aplle/Library/Developer/Xcode/DerivedData/FinaLit-axmxopijkrmfrafbckwgngfoynqm/Build/Products/Debug-iphoneos/FinaLit.app/az.lproj -- /Users/aplle/Desktop/swift\ learning/FinaLit/FinaLit/App/az.lproj/Localizable.strings
/Users/aplle/Desktop/swift learning/FinaLit/FinaLit/App/az.lproj/Localizable.strings:1:1: note: detected encoding of input file as Unicode (UTF-8) (in target 'FinaLit' from project 'FinaLit')

CopyStringsFile /Users/aplle/Library/Developer/Xcode/DerivedData/FinaLit-axmxopijkrmfrafbckwgngfoynqm/Build/Products/Debug-iphoneos/FinaLit.app/en.lproj/Localizable.strings /Users/aplle/Desktop/swift\ learning/FinaLit/FinaLit/App/en.lproj/Localizable.strings (in target 'FinaLit' from project 'FinaLit')
    cd /Users/aplle/Desktop/swift\ learning/FinaLit
    builtin-copyStrings --validate --outputencoding binary --outfilename Localizable.strings --outdir /Users/aplle/Library/Developer/Xcode/DerivedData/FinaLit-axmxopijkrmfrafbckwgngfoynqm/Build/Products/Debug-iphoneos/FinaLit.app/en.lproj -- /Users/aplle/Desktop/swift\ learning/FinaLit/FinaLit/App/en.lproj/Localizable.strings
/Users/aplle/Desktop/swift learning/FinaLit/FinaLit/App/en.lproj/Localizable.strings:1:1: note: detected encoding of input file as Unicode (UTF-8) (in target 'FinaLit' from project 'FinaLit')

ProcessInfoPlistFile /Users/aplle/Library/Developer/Xcode/DerivedData/FinaLit-axmxopijkrmfrafbckwgngfoynqm/Build/Products/Debug-iphoneos/FinaLit.app/Info.plist /Users/aplle/Desktop/swift\ learning/FinaLit/FinaLit/Info.plist (in target 'FinaLit' from project 'FinaLit')
    cd /Users/aplle/Desktop/swift\ learning/FinaLit
    builtin-infoPlistUtility /Users/aplle/Desktop/swift\ learning/FinaLit/FinaLit/Info.plist -producttype com.apple.product-type.application -genpkginfo /Users/aplle/Library/Developer/Xcode/DerivedData/FinaLit-axmxopijkrmfrafbckwgngfoynqm/Build/Products/Debug-iphoneos/FinaLit.app/PkgInfo -expandbuildsettings -format binary -platform iphoneos -additionalcontentfile /Users/aplle/Library/Developer/Xcode/DerivedData/FinaLit-axmxopijkrmfrafbckwgngfoynqm/Build/Intermediates.noindex/FinaLit.build/Debug-iphoneos/FinaLit.build/assetcatalog_generated_info.plist -scanforprivacyfile /Users/aplle/Library/Developer/Xcode/DerivedData/FinaLit-axmxopijkrmfrafbckwgngfoynqm/Build/Products/Debug-iphoneos/FinaLit.app/AppAuth_AppAuth.bundle -scanforprivacyfile /Users/aplle/Library/Developer/Xcode/DerivedData/FinaLit-axmxopijkrmfrafbckwgngfoynqm/Build/Products/Debug-iphoneos/FinaLit.app/AppAuth_AppAuthCore.bundle -scanforprivacyfile /Users/aplle/Library/Developer/Xcode/DerivedData/FinaLit-axmxopijkrmfrafbckwgngfoynqm/Build/Products/Debug-iphoneos/FinaLit.app/Firebase_FirebaseAuth.bundle -scanforprivacyfile /Users/aplle/Library/Developer/Xcode/DerivedData/FinaLit-axmxopijkrmfrafbckwgngfoynqm/Build/Products/Debug-iphoneos/FinaLit.app/Firebase_FirebaseCore.bundle -scanforprivacyfile /Users/aplle/Library/Developer/Xcode/DerivedData/FinaLit-axmxopijkrmfrafbckwgngfoynqm/Build/Products/Debug-iphoneos/FinaLit.app/Firebase_FirebaseCoreExtension.bundle -scanforprivacyfile /Users/aplle/Library/Developer/Xcode/DerivedData/FinaLit-axmxopijkrmfrafbckwgngfoynqm/Build/Products/Debug-iphoneos/FinaLit.app/Firebase_FirebaseCoreInternal.bundle -scanforprivacyfile /Users/aplle/Library/Developer/Xcode/DerivedData/FinaLit-axmxopijkrmfrafbckwgngfoynqm/Build/Products/Debug-iphoneos/FinaLit.app/Firebase_FirebaseFirestore.bundle -scanforprivacyfile /Users/aplle/Library/Developer/Xcode/DerivedData/FinaLit-axmxopijkrmfrafbckwgngfoynqm/Build/Products/Debug-iphoneos/FinaLit.app/Frameworks/FirebaseFirestoreInternal.framework -scanforprivacyfile /Users/aplle/Library/Developer/Xcode/DerivedData/FinaLit-axmxopijkrmfrafbckwgngfoynqm/Build/Products/Debug-iphoneos/FinaLit.app/Frameworks/absl.framework -scanforprivacyfile /Users/aplle/Library/Developer/Xcode/DerivedData/FinaLit-axmxopijkrmfrafbckwgngfoynqm/Build/Products/Debug-iphoneos/FinaLit.app/Frameworks/grpc.framework -scanforprivacyfile /Users/aplle/Library/Developer/Xcode/DerivedData/FinaLit-axmxopijkrmfrafbckwgngfoynqm/Build/Products/Debug-iphoneos/FinaLit.app/Frameworks/grpcpp.framework -scanforprivacyfile /Users/aplle/Library/Developer/Xcode/DerivedData/FinaLit-axmxopijkrmfrafbckwgngfoynqm/Build/Products/Debug-iphoneos/FinaLit.app/Frameworks/openssl_grpc.framework -scanforprivacyfile /Users/aplle/Library/Developer/Xcode/DerivedData/FinaLit-axmxopijkrmfrafbckwgngfoynqm/Build/Products/Debug-iphoneos/FinaLit.app/GTMAppAuth_GTMAppAuth.bundle -scanforprivacyfile /Users/aplle/Library/Developer/Xcode/DerivedData/FinaLit-axmxopijkrmfrafbckwgngfoynqm/Build/Products/Debug-iphoneos/FinaLit.app/GTMSessionFetcher_GTMSessionFetcherCore.bundle -scanforprivacyfile /Users/aplle/Library/Developer/Xcode/DerivedData/FinaLit-axmxopijkrmfrafbckwgngfoynqm/Build/Products/Debug-iphoneos/FinaLit.app/GoogleSignIn_GoogleSignIn.bundle -scanforprivacyfile /Users/aplle/Library/Developer/Xcode/DerivedData/FinaLit-axmxopijkrmfrafbckwgngfoynqm/Build/Products/Debug-iphoneos/FinaLit.app/GoogleSignIn_GoogleSignInSwift.bundle -scanforprivacyfile /Users/aplle/Library/Developer/Xcode/DerivedData/FinaLit-axmxopijkrmfrafbckwgngfoynqm/Build/Products/Debug-iphoneos/FinaLit.app/GoogleUtilities_GoogleUtilities-AppDelegateSwizzler.bundle -scanforprivacyfile /Users/aplle/Library/Developer/Xcode/DerivedData/FinaLit-axmxopijkrmfrafbckwgngfoynqm/Build/Products/Debug-iphoneos/FinaLit.app/GoogleUtilities_GoogleUtilities-Environment.bundle -scanforprivacyfile /Users/aplle/Library/Developer/Xcode/DerivedData/FinaLit-axmxopijkrmfrafbckwgngfoynqm/Build/Products/Debug-iphoneos/FinaLit.app/GoogleUtilities_GoogleUtilities-Logger.bundle -scanforprivacyfile /Users/aplle/Library/Developer/Xcode/DerivedData/FinaLit-axmxopijkrmfrafbckwgngfoynqm/Build/Products/Debug-iphoneos/FinaLit.app/GoogleUtilities_GoogleUtilities-NSData.bundle -scanforprivacyfile /Users/aplle/Library/Developer/Xcode/DerivedData/FinaLit-axmxopijkrmfrafbckwgngfoynqm/Build/Products/Debug-iphoneos/FinaLit.app/GoogleUtilities_GoogleUtilities-Network.bundle -scanforprivacyfile /Users/aplle/Library/Developer/Xcode/DerivedData/FinaLit-axmxopijkrmfrafbckwgngfoynqm/Build/Products/Debug-iphoneos/FinaLit.app/GoogleUtilities_GoogleUtilities-Reachability.bundle -scanforprivacyfile /Users/aplle/Library/Developer/Xcode/DerivedData/FinaLit-axmxopijkrmfrafbckwgngfoynqm/Build/Products/Debug-iphoneos/FinaLit.app/GoogleUtilities_GoogleUtilities-UserDefaults.bundle -scanforprivacyfile /Users/aplle/Library/Developer/Xcode/DerivedData/FinaLit-axmxopijkrmfrafbckwgngfoynqm/Build/Products/Debug-iphoneos/FinaLit.app/Promises_FBLPromises.bundle -scanforprivacyfile /Users/aplle/Library/Developer/Xcode/DerivedData/FinaLit-axmxopijkrmfrafbckwgngfoynqm/Build/Products/Debug-iphoneos/FinaLit.app/abseil_abslWrapper.bundle -scanforprivacyfile /Users/aplle/Library/Developer/Xcode/DerivedData/FinaLit-axmxopijkrmfrafbckwgngfoynqm/Build/Products/Debug-iphoneos/FinaLit.app/gRPC_grpcWrapper.bundle -scanforprivacyfile /Users/aplle/Library/Developer/Xcode/DerivedData/FinaLit-axmxopijkrmfrafbckwgngfoynqm/Build/Products/Debug-iphoneos/FinaLit.app/gRPC_grpcppWrapper.bundle -scanforprivacyfile /Users/aplle/Library/Developer/Xcode/DerivedData/FinaLit-axmxopijkrmfrafbckwgngfoynqm/Build/Products/Debug-iphoneos/FinaLit.app/gRPC_opensslWrapper.bundle -scanforprivacyfile /Users/aplle/Library/Developer/Xcode/DerivedData/FinaLit-axmxopijkrmfrafbckwgngfoynqm/Build/Products/Debug-iphoneos/FinaLit.app/leveldb_leveldb.bundle -scanforprivacyfile /Users/aplle/Library/Developer/Xcode/DerivedData/FinaLit-axmxopijkrmfrafbckwgngfoynqm/Build/Products/Debug-iphoneos/FinaLit.app/nanopb_nanopb.bundle -requiredArchitecture arm64 -o /Users/aplle/Library/Developer/Xcode/DerivedData/FinaLit-axmxopijkrmfrafbckwgngfoynqm/Build/Products/Debug-iphoneos/FinaLit.app/Info.plist

SwiftCompile normal arm64 Compiling\ L10n.swift /Users/aplle/Desktop/swift\ learning/FinaLit/FinaLit/Core/Localization/L10n.swift (in target 'FinaLit' from project 'FinaLit')

SwiftCompile normal arm64 /Users/aplle/Desktop/swift\ learning/FinaLit/FinaLit/Core/Localization/L10n.swift (in target 'FinaLit' from project 'FinaLit')
    cd /Users/aplle/Desktop/swift\ learning/FinaLit
    

SwiftEmitModule normal arm64 Emitting\ module\ for\ FinaLit (in target 'FinaLit' from project 'FinaLit')
EmitSwiftModule normal arm64 (in target 'FinaLit' from project 'FinaLit')
    cd /Users/aplle/Desktop/swift\ learning/FinaLit
    

SwiftCompile normal arm64 Compiling\ ProfileSettingsHomeView.swift /Users/aplle/Desktop/swift\ learning/FinaLit/FinaLit/Features/ProfileSettings/Views/ProfileSettingsHomeView.swift (in target 'FinaLit' from project 'FinaLit')
SwiftCompile normal arm64 /Users/aplle/Desktop/swift\ learning/FinaLit/FinaLit/Features/ProfileSettings/Views/ProfileSettingsHomeView.swift (in target 'FinaLit' from project 'FinaLit')
    cd /Users/aplle/Desktop/swift\ learning/FinaLit
    
/Users/aplle/Desktop/swift learning/FinaLit/FinaLit/Features/ProfileSettings/Views/ProfileSettingsHomeView.swift:177:29: error: type 'L10n.Profile' has no member 'deleteAccount'
        .alert(L10n.Profile.deleteAccount, isPresented: $showDeleteConfirmation) {
               ~~~~~~~~~~~~ ^~~~~~~~~~~~~

Failed frontend command:
/Applications/Xcode.app/Contents/Developer/Toolchains/XcodeDefault.xctoolchain/usr/bin/swift-frontend -frontend -c -filelist /Users/aplle/Library/Developer/Xcode/DerivedData/FinaLit-axmxopijkrmfrafbckwgngfoynqm/Build/Intermediates.noindex/FinaLit.build/Debug-iphoneos/FinaLit.build/Objects-normal/arm64/sources-1 -primary-file /Users/aplle/Desktop/swift\ learning/FinaLit/FinaLit/Features/ProfileSettings/Views/ProfileSettingsHomeView.swift -emit-dependencies-path /Users/aplle/Library/Developer/Xcode/DerivedData/FinaLit-axmxopijkrmfrafbckwgngfoynqm/Build/Intermediates.noindex/FinaLit.build/Debug-iphoneos/FinaLit.build/Objects-normal/arm64/ProfileSettingsHomeView.d -emit-const-values-path /Users/aplle/Library/Developer/Xcode/DerivedData/FinaLit-axmxopijkrmfrafbckwgngfoynqm/Build/Intermediates.noindex/FinaLit.build/Debug-iphoneos/FinaLit.build/Objects-normal/arm64/ProfileSettingsHomeView.swiftconstvalues -emit-reference-dependencies-path /Users/aplle/Library/Developer/Xcode/DerivedData/FinaLit-axmxopijkrmfrafbckwgngfoynqm/Build/Intermediates.noindex/FinaLit.build/Debug-iphoneos/FinaLit.build/Objects-normal/arm64/ProfileSettingsHomeView.swiftdeps -serialize-diagnostics-path /Users/aplle/Library/Developer/Xcode/DerivedData/FinaLit-axmxopijkrmfrafbckwgngfoynqm/Build/Intermediates.noindex/FinaLit.build/Debug-iphoneos/FinaLit.build/Objects-normal/arm64/ProfileSettingsHomeView.dia -emit-localized-strings -emit-localized-strings-path /Users/aplle/Library/Developer/Xcode/DerivedData/FinaLit-axmxopijkrmfrafbckwgngfoynqm/Build/Intermediates.noindex/FinaLit.build/Debug-iphoneos/FinaLit.build/Objects-normal/arm64 -target arm64-apple-ios18.0 -module-can-import-version DeveloperToolsSupport 23.0.4 23.0.4 -module-can-import GoogleSignIn -module-can-import-version SwiftUI 7.0.84.1 7.0.84 -module-can-import-version UIKit 9088.1.113 9088.1.113 -disable-cross-import-overlay-search -swift-module-cross-import AuthenticationServices /Applications/Xcode.app/Contents/Developer/Platforms/iPhoneOS.platform/Developer/SDKs/iPhoneOS.sdk/System/Cryptexes/OS/System/Library/Frameworks/AuthenticationServices.framework/Modules/AuthenticationServices.swiftcrossimport/SwiftUI.swiftoverlay -swift-module-cross-import AuthenticationServices /Applications/Xcode.app/Contents/Developer/Platforms/iPhoneOS.platform/Developer/SDKs/iPhoneOS26.0.sdk/System/Library/Frameworks/AuthenticationServices.framework/Modules/AuthenticationServices.swiftcrossimport/SwiftUI.swiftoverlay -swift-module-cross-import SwiftData /Applications/Xcode.app/Contents/Developer/Platforms/iPhoneOS.platform/Developer/SDKs/iPhoneOS26.0.sdk/System/Library/Frameworks/SwiftData.framework/Modules/SwiftData.swiftcrossimport/CoreData.swiftoverlay -swift-module-cross-import SwiftData /Applications/Xcode.app/Contents/Developer/Platforms/iPhoneOS.platform/Developer/SDKs/iPhoneOS26.0.sdk/System/Library/Frameworks/SwiftData.framework/Modules/SwiftData.swiftcrossimport/SwiftUI.swiftoverlay -load-resolved-plugin /Applications/Xcode.app/Contents/Developer/Platforms/iPhoneOS.platform/Developer/usr/lib/swift/host/plugins/libFoundationMacros.dylib\#/Applications/Xcode.app/Contents/Developer/Platforms/iPhoneOS.platform/Developer/usr/bin/swift-plugin-server\#FoundationMacros -load-resolved-plugin /Applications/Xcode.app/Contents/Developer/Platforms/iPhoneOS.platform/Developer/usr/lib/swift/host/plugins/libObservationMacros.dylib\#/Applications/Xcode.app/Contents/Developer/Platforms/iPhoneOS.platform/Developer/usr/bin/swift-plugin-server\#ObservationMacros -load-resolved-plugin /Applications/Xcode.app/Contents/Developer/Platforms/iPhoneOS.platform/Developer/usr/lib/swift/host/plugins/libPreviewsMacros.dylib\#/Applications/Xcode.app/Contents/Developer/Platforms/iPhoneOS.platform/Developer/usr/bin/swift-plugin-server\#PreviewsMacros -load-resolved-plugin /Applications/Xcode.app/Contents/Developer/Platforms/iPhoneOS.platform/Developer/usr/lib/swift/host/plugins/libSwiftDataMacros.dylib\#/Applications/Xcode.app/Contents/Developer/Platforms/iPhoneOS.platform/Developer/usr/bin/swift-plugin-server\#SwiftDataMacros -load-resolved-plugin /Applications/Xcode.app/Contents/Developer/Platforms/iPhoneOS.platform/Developer/usr/lib/swift/host/plugins/libSwiftMacros.dylib\#/Applications/Xcode.app/Contents/Developer/Platforms/iPhoneOS.platform/Developer/usr/bin/swift-plugin-server\#SwiftMacros -load-resolved-plugin /Applications/Xcode.app/Contents/Developer/Platforms/iPhoneOS.platform/Developer/usr/lib/swift/host/plugins/libSwiftUIMacros.dylib\#/Applications/Xcode.app/Contents/Developer/Platforms/iPhoneOS.platform/Developer/usr/bin/swift-plugin-server\#SwiftUIMacros -disable-implicit-swift-modules -Xcc -fno-implicit-modules -Xcc -fno-implicit-module-maps -explicit-swift-module-map-file /Users/aplle/Library/Developer/Xcode/DerivedData/FinaLit-axmxopijkrmfrafbckwgngfoynqm/Build/Intermediates.noindex/FinaLit.build/Debug-iphoneos/FinaLit.build/Objects-normal/arm64/FinaLit-dependencies-1.json -Xllvm -aarch64-use-tbi -enable-objc-interop -stack-check -sdk /Applications/Xcode.app/Contents/Developer/Platforms/iPhoneOS.platform/Developer/SDKs/iPhoneOS26.0.sdk -I /Users/aplle/Library/Developer/Xcode/DerivedData/FinaLit-axmxopijkrmfrafbckwgngfoynqm/Build/Products/Debug-iphoneos -F /Users/aplle/Library/Developer/Xcode/DerivedData/FinaLit-axmxopijkrmfrafbckwgngfoynqm/Build/Products/Debug-iphoneos/PackageFrameworks -F /Users/aplle/Library/Developer/Xcode/DerivedData/FinaLit-axmxopijkrmfrafbckwgngfoynqm/Build/Products/Debug-iphoneos/PackageFrameworks -F /Users/aplle/Library/Developer/Xcode/DerivedData/FinaLit-axmxopijkrmfrafbckwgngfoynqm/Build/Products/Debug-iphoneos/PackageFrameworks -F /Users/aplle/Library/Developer/Xcode/DerivedData/FinaLit-axmxopijkrmfrafbckwgngfoynqm/Build/Products/Debug-iphoneos/PackageFrameworks -F /Users/aplle/Library/Developer/Xcode/DerivedData/FinaLit-axmxopijkrmfrafbckwgngfoynqm/Build/Products/Debug-iphoneos/PackageFrameworks -F /Users/aplle/Library/Developer/Xcode/DerivedData/FinaLit-axmxopijkrmfrafbckwgngfoynqm/Build/Products/Debug-iphoneos/PackageFrameworks -F /Users/aplle/Library/Developer/Xcode/DerivedData/FinaLit-axmxopijkrmfrafbckwgngfoynqm/Build/Products/Debug-iphoneos/PackageFrameworks -F /Users/aplle/Library/Developer/Xcode/DerivedData/FinaLit-axmxopijkrmfrafbckwgngfoynqm/Build/Products/Debug-iphoneos/PackageFrameworks -F /Users/aplle/Library/Developer/Xcode/DerivedData/FinaLit-axmxopijkrmfrafbckwgngfoynqm/Build/Products/Debug-iphoneos/PackageFrameworks -F /Users/aplle/Library/Developer/Xcode/DerivedData/FinaLit-axmxopijkrmfrafbckwgngfoynqm/Build/Products/Debug-iphoneos/PackageFrameworks -F /Users/aplle/Library/Developer/Xcode/DerivedData/FinaLit-axmxopijkrmfrafbckwgngfoynqm/Build/Products/Debug-iphoneos/PackageFrameworks -F /Users/aplle/Library/Developer/Xcode/DerivedData/FinaLit-axmxopijkrmfrafbckwgngfoynqm/Build/Products/Debug-iphoneos/PackageFrameworks -F /Users/aplle/Library/Developer/Xcode/DerivedData/FinaLit-axmxopijkrmfrafbckwgngfoynqm/Build/Products/Debug-iphoneos/PackageFrameworks -F /Users/aplle/Library/Developer/Xcode/DerivedData/FinaLit-axmxopijkrmfrafbckwgngfoynqm/Build/Products/Debug-iphoneos/PackageFrameworks -F /Users/aplle/Library/Developer/Xcode/DerivedData/FinaLit-axmxopijkrmfrafbckwgngfoynqm/Build/Products/Debug-iphoneos/PackageFrameworks -F /Users/aplle/Library/Developer/Xcode/DerivedData/FinaLit-axmxopijkrmfrafbckwgngfoynqm/Build/Products/Debug-iphoneos/PackageFrameworks -F /Users/aplle/Library/Developer/Xcode/DerivedData/FinaLit-axmxopijkrmfrafbckwgngfoynqm/Build/Products/Debug-iphoneos/PackageFrameworks -F /Users/aplle/Library/Developer/Xcode/DerivedData/FinaLit-axmxopijkrmfrafbckwgngfoynqm/Build/Products/Debug-iphoneos/PackageFrameworks -F /Users/aplle/Library/Developer/Xcode/DerivedData/FinaLit-axmxopijkrmfrafbckwgngfoynqm/Build/Products/Debug-iphoneos/PackageFrameworks -F /Users/aplle/Library/Developer/Xcode/DerivedData/FinaLit-axmxopijkrmfrafbckwgngfoynqm/Build/Products/Debug-iphoneos/PackageFrameworks -F /Users/aplle/Library/Developer/Xcode/DerivedData/FinaLit-axmxopijkrmfrafbckwgngfoynqm/Build/Products/Debug-iphoneos/PackageFrameworks -F /Users/aplle/Library/Developer/Xcode/DerivedData/FinaLit-axmxopijkrmfrafbckwgngfoynqm/Build/Products/Debug-iphoneos/PackageFrameworks -F /Users/aplle/Library/Developer/Xcode/DerivedData/FinaLit-axmxopijkrmfrafbckwgngfoynqm/Build/Products/Debug-iphoneos/PackageFrameworks -F /Users/aplle/Library/Developer/Xcode/DerivedData/FinaLit-axmxopijkrmfrafbckwgngfoynqm/Build/Products/Debug-iphoneos/PackageFrameworks -F /Users/aplle/Library/Developer/Xcode/DerivedData/FinaLit-axmxopijkrmfrafbckwgngfoynqm/Build/Products/Debug-iphoneos/PackageFrameworks -F /Users/aplle/Library/Developer/Xcode/DerivedData/FinaLit-axmxopijkrmfrafbckwgngfoynqm/Build/Products/Debug-iphoneos/PackageFrameworks -F /Users/aplle/Library/Developer/Xcode/DerivedData/FinaLit-axmxopijkrmfrafbckwgngfoynqm/Build/Products/Debug-iphoneos/PackageFrameworks -F /Users/aplle/Library/Developer/Xcode/DerivedData/FinaLit-axmxopijkrmfrafbckwgngfoynqm/Build/Products/Debug-iphoneos/PackageFrameworks -F /Users/aplle/Library/Developer/Xcode/DerivedData/FinaLit-axmxopijkrmfrafbckwgngfoynqm/Build/Products/Debug-iphoneos/PackageFrameworks -F /Users/aplle/Library/Developer/Xcode/DerivedData/FinaLit-axmxopijkrmfrafbckwgngfoynqm/Build/Products/Debug-iphoneos/PackageFrameworks -F /Users/aplle/Library/Developer/Xcode/DerivedData/FinaLit-axmxopijkrmfrafbckwgngfoynqm/Build/Products/Debug-iphoneos/PackageFrameworks -F /Users/aplle/Library/Developer/Xcode/DerivedData/FinaLit-axmxopijkrmfrafbckwgngfoynqm/Build/Products/Debug-iphoneos/PackageFrameworks -F /Users/aplle/Library/Developer/Xcode/DerivedData/FinaLit-axmxopijkrmfrafbckwgngfoynqm/Build/Products/Debug-iphoneos/PackageFrameworks -F /Users/aplle/Library/Developer/Xcode/DerivedData/FinaLit-axmxopijkrmfrafbckwgngfoynqm/Build/Products/Debug-iphoneos/PackageFrameworks -F /Users/aplle/Library/Developer/Xcode/DerivedData/FinaLit-axmxopijkrmfrafbckwgngfoynqm/Build/Products/Debug-iphoneos/PackageFrameworks -F /Users/aplle/Library/Developer/Xcode/DerivedData/FinaLit-axmxopijkrmfrafbckwgngfoynqm/Build/Products/Debug-iphoneos/PackageFrameworks -F /Users/aplle/Library/Developer/Xcode/DerivedData/FinaLit-axmxopijkrmfrafbckwgngfoynqm/Build/Products/Debug-iphoneos/PackageFrameworks -F /Users/aplle/Library/Developer/Xcode/DerivedData/FinaLit-axmxopijkrmfrafbckwgngfoynqm/Build/Products/Debug-iphoneos -no-color-diagnostics -Xcc -fno-color-diagnostics -enable-testing -g -debug-info-format\=dwarf -dwarf-version\=5 -module-cache-path /Users/aplle/Library/Developer/Xcode/DerivedData/FinaLit-axmxopijkrmfrafbckwgngfoynqm/Build/Intermediates.noindex/SwiftExplicitPrecompiledModules -swift-version 5 -enforce-exclusivity\=checked -Onone -D DEBUG -serialize-debugging-options -const-gather-protocols-file /Users/aplle/Library/Developer/Xcode/DerivedData/FinaLit-axmxopijkrmfrafbckwgngfoynqm/Build/Intermediates.noindex/FinaLit.build/Debug-iphoneos/FinaLit.build/Objects-normal/arm64/FinaLit_const_extract_protocols.json -enable-upcoming-feature DisableOutwardActorInference -enable-upcoming-feature InferSendableFromCaptures -enable-upcoming-feature GlobalActorIsolatedTypesUsability -enable-upcoming-feature MemberImportVisibility -enable-upcoming-feature InferIsolatedConformances -enable-upcoming-feature NonisolatedNonsendingByDefault -enable-experimental-feature DebugDescriptionMacro -enable-bare-slash-regex -default-isolation\=MainActor -empty-abi-descriptor -validate-clang-modules-once -clang-build-session-file /Users/aplle/Library/Developer/Xcode/DerivedData/ModuleCache.noindex/Session.modulevalidation -Xcc -working-directory -Xcc /Users/aplle/Desktop/swift\ learning/FinaLit -enable-anonymous-context-mangled-names -file-compilation-dir /Users/aplle/Desktop/swift\ learning/FinaLit -Xcc -fmodule-map-file\=/Users/aplle/Library/Developer/Xcode/DerivedData/FinaLit-axmxopijkrmfrafbckwgngfoynqm/Build/Intermediates.noindex/GeneratedModuleMaps-iphoneos/RecaptchaInterop.modulemap -Xcc -fmodule-map-file\=/Users/aplle/Library/Developer/Xcode/DerivedData/FinaLit-axmxopijkrmfrafbckwgngfoynqm/Build/Intermediates.noindex/GeneratedModuleMaps-iphoneos/GoogleUtilities-Network.modulemap -Xcc -fmodule-map-file\=/Users/aplle/Library/Developer/Xcode/DerivedData/FinaLit-axmxopijkrmfrafbckwgngfoynqm/Build/Intermediates.noindex/GeneratedModuleMaps-iphoneos/GoogleUtilities-Reachability.modulemap -Xcc -fmodule-map-file\=/Users/aplle/Library/Developer/Xcode/DerivedData/FinaLit-axmxopijkrmfrafbckwgngfoynqm/Build/Intermediates.noindex/GeneratedModuleMaps-iphoneos/GoogleUtilities-AppDelegateSwizzler.modulemap -Xcc -fmodule-map-file\=/Users/aplle/Library/Developer/Xcode/DerivedData/FinaLit-axmxopijkrmfrafbckwgngfoynqm/Build/Intermediates.noindex/GeneratedModuleMaps-iphoneos/FirebaseAuthInternal.modulemap -Xcc -fmodule-map-file\=/Users/aplle/Library/Developer/Xcode/DerivedData/FinaLit-axmxopijkrmfrafbckwgngfoynqm/Build/Intermediates.noindex/GeneratedModuleMaps-iphoneos/abslWrapper.modulemap -Xcc -fmodule-map-file\=/Users/aplle/Library/Developer/Xcode/DerivedData/FinaLit-axmxopijkrmfrafbckwgngfoynqm/Build/Intermediates.noindex/GeneratedModuleMaps-iphoneos/opensslWrapper.modulemap -Xcc -fmodule-map-file\=/Users/aplle/Library/Developer/Xcode/DerivedData/FinaLit-axmxopijkrmfrafbckwgngfoynqm/Build/Intermediates.noindex/GeneratedModuleMaps-iphoneos/grpcWrapper.modulemap -Xcc -fmodule-map-file\=/Users/aplle/Library/Developer/Xcode/DerivedData/FinaLit-axmxopijkrmfrafbckwgngfoynqm/Build/Intermediates.noindex/GeneratedModuleMaps-iphoneos/grpcppWrapper.modulemap -Xcc -fmodule-map-file\=/Users/aplle/Library/Developer/Xcode/DerivedData/FinaLit-axmxopijkrmfrafbckwgngfoynqm/Build/Intermediates.noindex/GeneratedModuleMaps-iphoneos/nanopb.modulemap -Xcc -fmodule-map-file\=/Users/aplle/Library/Developer/Xcode/DerivedData/FinaLit-axmxopijkrmfrafbckwgngfoynqm/Build/Intermediates.noindex/GeneratedModuleMaps-iphoneos/leveldb.modulemap -Xcc -fmodule-map-file\=/Users/aplle/Library/Developer/Xcode/DerivedData/FinaLit-axmxopijkrmfrafbckwgngfoynqm/Build/Intermediates.noindex/GeneratedModuleMaps-iphoneos/FirebaseFirestoreInternalWrapper.modulemap -Xcc -fmodule-map-file\=/Users/aplle/Library/Developer/Xcode/DerivedData/FinaLit-axmxopijkrmfrafbckwgngfoynqm/Build/Intermediates.noindex/GeneratedModuleMaps-iphoneos/FirebaseFirestoreTarget.modulemap -Xcc -fmodule-map-file\=/Users/aplle/Library/Developer/Xcode/DerivedData/FinaLit-axmxopijkrmfrafbckwgngfoynqm/Build/Intermediates.noindex/GeneratedModuleMaps-iphoneos/GoogleUtilities-NSData.modulemap -Xcc -fmodule-map-file\=/Users/aplle/Library/Developer/Xcode/DerivedData/FinaLit-axmxopijkrmfrafbckwgngfoynqm/Build/Intermediates.noindex/GeneratedModuleMaps-iphoneos/FirebaseCoreExtension.modulemap -Xcc -fmodule-map-file\=/Users/aplle/Library/Developer/Xcode/DerivedData/FinaLit-axmxopijkrmfrafbckwgngfoynqm/Build/Intermediates.noindex/GeneratedModuleMaps-iphoneos/FirebaseCore.modulemap -Xcc -fmodule-map-file\=/Users/aplle/Library/Developer/Xcode/DerivedData/FinaLit-axmxopijkrmfrafbckwgngfoynqm/Build/Intermediates.noindex/GeneratedModuleMaps-iphoneos/FirebaseAuthInterop.modulemap -Xcc -fmodule-map-file\=/Users/aplle/Library/Developer/Xcode/DerivedData/FinaLit-axmxopijkrmfrafbckwgngfoynqm/Build/Intermediates.noindex/GeneratedModuleMaps-iphoneos/FirebaseAppCheckInterop.modulemap -Xcc -fmodule-map-file\=/Users/aplle/Library/Developer/Xcode/DerivedData/FinaLit-axmxopijkrmfrafbckwgngfoynqm/Build/Intermediates.noindex/GeneratedModuleMaps-iphoneos/AppAuth.modulemap -Xcc -fmodule-map-file\=/Users/aplle/Library/Developer/Xcode/DerivedData/FinaLit-axmxopijkrmfrafbckwgngfoynqm/Build/Intermediates.noindex/GeneratedModuleMaps-iphoneos/AppAuthCore.modulemap -Xcc -fmodule-map-file\=/Users/aplle/Library/Developer/Xcode/DerivedData/FinaLit-axmxopijkrmfrafbckwgngfoynqm/Build/Intermediates.noindex/GeneratedModuleMaps-iphoneos/GoogleUtilities-Logger.modulemap -Xcc -fmodule-map-file\=/Users/aplle/Library/Developer/Xcode/DerivedData/FinaLit-axmxopijkrmfrafbckwgngfoynqm/Build/Intermediates.noindex/GeneratedModuleMaps-iphoneos/GoogleUtilities-Environment.modulemap -Xcc -fmodule-map-file\=/Users/aplle/Library/Developer/Xcode/DerivedData/FinaLit-axmxopijkrmfrafbckwgngfoynqm/Build/Intermediates.noindex/GeneratedModuleMaps-iphoneos/third-party-IsAppEncrypted.modulemap -Xcc -fmodule-map-file\=/Users/aplle/Library/Developer/Xcode/DerivedData/FinaLit-axmxopijkrmfrafbckwgngfoynqm/Build/Intermediates.noindex/GeneratedModuleMaps-iphoneos/GoogleUtilities-UserDefaults.modulemap -Xcc -fmodule-map-file\=/Users/aplle/Library/Developer/Xcode/DerivedData/FinaLit-axmxopijkrmfrafbckwgngfoynqm/Build/Intermediates.noindex/GeneratedModuleMaps-iphoneos/AppCheckCore.modulemap -Xcc -fmodule-map-file\=/Users/aplle/Library/Developer/Xcode/DerivedData/FinaLit-axmxopijkrmfrafbckwgngfoynqm/Build/Intermediates.noindex/GeneratedModuleMaps-iphoneos/GTMSessionFetcherCore.modulemap -Xcc -fmodule-map-file\=/Users/aplle/Library/Developer/Xcode/DerivedData/FinaLit-axmxopijkrmfrafbckwgngfoynqm/Build/Intermediates.noindex/GeneratedModuleMaps-iphoneos/GoogleSignIn.modulemap -Xcc -D_LIBCPP_HARDENING_MODE\=_LIBCPP_HARDENING_MODE_DEBUG -Xcc -ivfsstatcache -Xcc /Users/aplle/Library/Developer/Xcode/DerivedData/SDKStatCaches.noindex/iphoneos26.0-23A339-81ce72e5b06c9602b9d30b56f2eed08a.sdkstatcache -Xcc -I/Users/aplle/Library/Developer/Xcode/DerivedData/FinaLit-axmxopijkrmfrafbckwgngfoynqm/Build/Intermediates.noindex/FinaLit.build/Debug-iphoneos/FinaLit.build/swift-overrides.hmap -Xcc -iquote -Xcc /Users/aplle/Library/Developer/Xcode/DerivedData/FinaLit-axmxopijkrmfrafbckwgngfoynqm/Build/Intermediates.noindex/FinaLit.build/Debug-iphoneos/FinaLit.build/FinaLit-generated-files.hmap -Xcc -I/Users/aplle/Library/Developer/Xcode/DerivedData/FinaLit-axmxopijkrmfrafbckwgngfoynqm/Build/Intermediates.noindex/FinaLit.build/Debug-iphoneos/FinaLit.build/FinaLit-own-target-headers.hmap -Xcc -I/Users/aplle/Library/Developer/Xcode/DerivedData/FinaLit-axmxopijkrmfrafbckwgngfoynqm/Build/Intermediates.noindex/FinaLit.build/Debug-iphoneos/FinaLit.build/FinaLit-all-non-framework-target-headers.hmap -Xcc -ivfsoverlay -Xcc /Users/aplle/Library/Developer/Xcode/DerivedData/FinaLit-axmxopijkrmfrafbckwgngfoynqm/Build/Intermediates.noindex/FinaLit.build/Debug-iphoneos/FinaLit-47043bb7366f0fef3c449638f38c5be4-VFS-iphoneos/all-product-headers.yaml -Xcc -iquote -Xcc /Users/aplle/Library/Developer/Xcode/DerivedData/FinaLit-axmxopijkrmfrafbckwgngfoynqm/Build/Intermediates.noindex/FinaLit.build/Debug-iphoneos/FinaLit.build/FinaLit-project-headers.hmap -Xcc -I/Users/aplle/Library/Developer/Xcode/DerivedData/FinaLit-axmxopijkrmfrafbckwgngfoynqm/SourcePackages/checkouts/interop-ios-for-google-sdks/RecaptchaEnterprise/RecaptchaInterop/Public -Xcc -I/Users/aplle/Library/Developer/Xcode/DerivedData/FinaLit-axmxopijkrmfrafbckwgngfoynqm/SourcePackages/checkouts/GoogleUtilities/GoogleUtilities/Network/Public -Xcc -I/Users/aplle/Library/Developer/Xcode/DerivedData/FinaLit-axmxopijkrmfrafbckwgngfoynqm/SourcePackages/checkouts/GoogleUtilities/GoogleUtilities/Reachability/Public -Xcc -I/Users/aplle/Library/Developer/Xcode/DerivedData/FinaLit-axmxopijkrmfrafbckwgngfoynqm/SourcePackages/checkouts/GoogleUtilities/GoogleUtilities/AppDelegateSwizzler/Public -Xcc -I/Users/aplle/Library/Developer/Xcode/DerivedData/FinaLit-axmxopijkrmfrafbckwgngfoynqm/SourcePackages/checkouts/firebase-ios-sdk/FirebaseAuth/Sources/Public -Xcc -I/Users/aplle/Library/Developer/Xcode/DerivedData/FinaLit-axmxopijkrmfrafbckwgngfoynqm/SourcePackages/checkouts/abseil-cpp-binary/absl-Wrapper/include -Xcc -I/Users/aplle/Library/Developer/Xcode/DerivedData/FinaLit-axmxopijkrmfrafbckwgngfoynqm/SourcePackages/checkouts/grpc-binary/openssl-grpc-Wrapper/include -Xcc -I/Users/aplle/Library/Developer/Xcode/DerivedData/FinaLit-axmxopijkrmfrafbckwgngfoynqm/SourcePackages/checkouts/grpc-binary/grpc-Wrapper/include -Xcc -I/Users/aplle/Library/Developer/Xcode/DerivedData/FinaLit-axmxopijkrmfrafbckwgngfoynqm/SourcePackages/checkouts/grpc-binary/grpcpp-Wrapper/include -Xcc -I/Users/aplle/Library/Developer/Xcode/DerivedData/FinaLit-axmxopijkrmfrafbckwgngfoynqm/SourcePackages/checkouts/nanopb/spm_headers -Xcc -I/Users/aplle/Library/Developer/Xcode/DerivedData/FinaLit-axmxopijkrmfrafbckwgngfoynqm/SourcePackages/checkouts/leveldb/include -Xcc -I/Users/aplle/Library/Developer/Xcode/DerivedData/FinaLit-axmxopijkrmfrafbckwgngfoynqm/SourcePackages/checkouts/firebase-ios-sdk/FirebaseFirestoreInternal -Xcc -I/Users/aplle/Library/Developer/Xcode/DerivedData/FinaLit-axmxopijkrmfrafbckwgngfoynqm/SourcePackages/checkouts/firebase-ios-sdk/SwiftPM-PlatformExclude/FirebaseFirestoreWrap/include -Xcc -I/Users/aplle/Library/Developer/Xcode/DerivedData/FinaLit-axmxopijkrmfrafbckwgngfoynqm/SourcePackages/checkouts/GoogleUtilities/GoogleUtilities/NSData+zlib/Public -Xcc -I/Users/aplle/Library/Developer/Xcode/DerivedData/FinaLit-axmxopijkrmfrafbckwgngfoynqm/SourcePackages/checkouts/firebase-ios-sdk/FirebaseCore/Extension -Xcc -I/Users/aplle/Library/Developer/Xcode/DerivedData/FinaLit-axmxopijkrmfrafbckwgngfoynqm/SourcePackages/checkouts/firebase-ios-sdk/FirebaseCore/Sources/Public -Xcc -I/Users/aplle/Library/Developer/Xcode/DerivedData/FinaLit-axmxopijkrmfrafbckwgngfoynqm/SourcePackages/checkouts/firebase-ios-sdk/CoreOnly/Sources -Xcc -I/Users/aplle/Library/Developer/Xcode/DerivedData/FinaLit-axmxopijkrmfrafbckwgngfoynqm/SourcePackages/checkouts/firebase-ios-sdk/FirebaseAuth/Interop/Public -Xcc -I/Users/aplle/Library/Developer/Xcode/DerivedData/FinaLit-axmxopijkrmfrafbckwgngfoynqm/SourcePackages/checkouts/firebase-ios-sdk/FirebaseAppCheck/Interop/Public -Xcc -I/Users/aplle/Library/Developer/Xcode/DerivedData/FinaLit-axmxopijkrmfrafbckwgngfoynqm/SourcePackages/checkouts/AppAuth-iOS/Sources/AppAuth -Xcc -I/Users/aplle/Library/Developer/Xcode/DerivedData/FinaLit-axmxopijkrmfrafbckwgngfoynqm/SourcePackages/checkouts/AppAuth-iOS/Sources/AppAuthCore -Xcc -I/Users/aplle/Library/Developer/Xcode/DerivedData/FinaLit-axmxopijkrmfrafbckwgngfoynqm/SourcePackages/checkouts/promises/Sources/FBLPromises/include -Xcc -I/Users/aplle/Library/Developer/Xcode/DerivedData/FinaLit-axmxopijkrmfrafbckwgngfoynqm/SourcePackages/checkouts/GoogleUtilities/GoogleUtilities/Logger/Public -Xcc -I/Users/aplle/Library/Developer/Xcode/DerivedData/FinaLit-axmxopijkrmfrafbckwgngfoynqm/SourcePackages/checkouts/GoogleUtilities/GoogleUtilities/Environment/Public -Xcc -I/Users/aplle/Library/Developer/Xcode/DerivedData/FinaLit-axmxopijkrmfrafbckwgngfoynqm/SourcePackages/checkouts/GoogleUtilities/third_party/IsAppEncrypted/Public -Xcc -I/Users/aplle/Library/Developer/Xcode/DerivedData/FinaLit-axmxopijkrmfrafbckwgngfoynqm/SourcePackages/checkouts/GoogleUtilities/GoogleUtilities/UserDefaults/Public -Xcc -I/Users/aplle/Library/Developer/Xcode/DerivedData/FinaLit-axmxopijkrmfrafbckwgngfoynqm/SourcePackages/checkouts/app-check/AppCheckCore/Sources/Public -Xcc -I/Users/aplle/Library/Developer/Xcode/DerivedData/FinaLit-axmxopijkrmfrafbckwgngfoynqm/SourcePackages/checkouts/gtm-session-fetcher/Sources/Core/Public -Xcc -I/Users/aplle/Library/Developer/Xcode/DerivedData/FinaLit-axmxopijkrmfrafbckwgngfoynqm/SourcePackages/checkouts/GoogleSignIn-iOS/GoogleSignIn/Sources/Public -Xcc -I/Users/aplle/Library/Developer/Xcode/DerivedData/FinaLit-axmxopijkrmfrafbckwgngfoynqm/Build/Products/Debug-iphoneos/include -Xcc -I/Users/aplle/Library/Developer/Xcode/DerivedData/FinaLit-axmxopijkrmfrafbckwgngfoynqm/Build/Intermediates.noindex/FinaLit.build/Debug-iphoneos/FinaLit.build/DerivedSources-normal/arm64 -Xcc -I/Users/aplle/Library/Developer/Xcode/DerivedData/FinaLit-axmxopijkrmfrafbckwgngfoynqm/Build/Intermediates.noindex/FinaLit.build/Debug-iphoneos/FinaLit.build/DerivedSources/arm64 -Xcc -I/Users/aplle/Library/Developer/Xcode/DerivedData/FinaLit-axmxopijkrmfrafbckwgngfoynqm/Build/Intermediates.noindex/FinaLit.build/Debug-iphoneos/FinaLit.build/DerivedSources -Xcc -DDEBUG\=1 -no-auto-bridging-header-chaining -module-name FinaLit -frontend-parseable-output -disable-clang-spi -target-sdk-version 26.0 -target-sdk-name iphoneos26.0 -clang-target arm64-apple-ios26.0 -in-process-plugin-server-path /Applications/Xcode.app/Contents/Developer/Toolchains/XcodeDefault.xctoolchain/usr/lib/swift/host/libSwiftInProcPluginServer.dylib -o /Users/aplle/Library/Developer/Xcode/DerivedData/FinaLit-axmxopijkrmfrafbckwgngfoynqm/Build/Intermediates.noindex/FinaLit.build/Debug-iphoneos/FinaLit.build/Objects-normal/arm64/ProfileSettingsHomeView.o -index-unit-output-path /FinaLit.build/Debug-iphoneos/FinaLit.build/Objects-normal/arm64/ProfileSettingsHomeView.o -index-store-path /Users/aplle/Library/Developer/Xcode/DerivedData/FinaLit-axmxopijkrmfrafbckwgngfoynqm/Index.noindex/DataStore -index-system-modules
SwiftCompile normal arm64 Compiling\ TransactionDetailView.swift /Users/aplle/Desktop/swift\ learning/FinaLit/FinaLit/Features/Main/Views/Transactions/TransactionDetailView.swift (in target 'FinaLit' from project 'FinaLit')

SwiftCompile normal arm64 /Users/aplle/Desktop/swift\ learning/FinaLit/FinaLit/Features/Main/Views/Transactions/TransactionDetailView.swift (in target 'FinaLit' from project 'FinaLit')
    cd /Users/aplle/Desktop/swift\ learning/FinaLit
    

SwiftDriverJobDiscovery normal arm64 Compiling L10n.swift (in target 'FinaLit' from project 'FinaLit')

SwiftCompile normal arm64 Compiling\ PayDebtSheet.swift,\ EmptyGoalsPreviewCard.swift /Users/aplle/Desktop/swift\ learning/FinaLit/FinaLit/Features/Main/Views/Dashboard/Sheets/PayDebtSheet.swift /Users/aplle/Desktop/swift\ learning/FinaLit/FinaLit/Features/Main/Views/Dashboard/Subviews/EmptyGoalsPreviewCard.swift (in target 'FinaLit' from project 'FinaLit')

SwiftCompile normal arm64 /Users/aplle/Desktop/swift\ learning/FinaLit/FinaLit/Features/Main/Views/Dashboard/Sheets/PayDebtSheet.swift (in target 'FinaLit' from project 'FinaLit')
    cd /Users/aplle/Desktop/swift\ learning/FinaLit
    

SwiftCompile normal arm64 /Users/aplle/Desktop/swift\ learning/FinaLit/FinaLit/Features/Main/Views/Dashboard/Subviews/EmptyGoalsPreviewCard.swift (in target 'FinaLit' from project 'FinaLit')
    cd /Users/aplle/Desktop/swift\ learning/FinaLit
    

SwiftCompile normal arm64 Compiling\ AddDebtSheet.swift,\ GoalContributionSheet.swift /Users/aplle/Desktop/swift\ learning/FinaLit/FinaLit/Features/Main/Views/Dashboard/Sheets/AddDebtSheet.swift /Users/aplle/Desktop/swift\ learning/FinaLit/FinaLit/Features/Main/Views/Dashboard/Sheets/GoalContributionSheet.swift (in target 'FinaLit' from project 'FinaLit')

SwiftCompile normal arm64 /Users/aplle/Desktop/swift\ learning/FinaLit/FinaLit/Features/Main/Views/Dashboard/Sheets/AddDebtSheet.swift (in target 'FinaLit' from project 'FinaLit')
    cd /Users/aplle/Desktop/swift\ learning/FinaLit
    

SwiftCompile normal arm64 /Users/aplle/Desktop/swift\ learning/FinaLit/FinaLit/Features/Main/Views/Dashboard/Sheets/GoalContributionSheet.swift (in target 'FinaLit' from project 'FinaLit')
    cd /Users/aplle/Desktop/swift\ learning/FinaLit
    

SwiftCompile normal arm64 Compiling\ BudgetView.swift,\ InsightsView.swift /Users/aplle/Desktop/swift\ learning/FinaLit/FinaLit/Features/Main/Views/Budget/BudgetView.swift /Users/aplle/Desktop/swift\ learning/FinaLit/FinaLit/Features/Main/Views/Budget/InsightsView.swift (in target 'FinaLit' from project 'FinaLit')

SwiftCompile normal arm64 /Users/aplle/Desktop/swift\ learning/FinaLit/FinaLit/Features/Main/Views/Budget/BudgetView.swift (in target 'FinaLit' from project 'FinaLit')
    cd /Users/aplle/Desktop/swift\ learning/FinaLit
    

SwiftCompile normal arm64 /Users/aplle/Desktop/swift\ learning/FinaLit/FinaLit/Features/Main/Views/Budget/InsightsView.swift (in target 'FinaLit' from project 'FinaLit')
    cd /Users/aplle/Desktop/swift\ learning/FinaLit
    

SwiftCompile normal arm64 Compiling\ AddGoalView.swift,\ GoalDetailView.swift /Users/aplle/Desktop/swift\ learning/FinaLit/FinaLit/Features/Main/Views/Goals/AddGoalView.swift /Users/aplle/Desktop/swift\ learning/FinaLit/FinaLit/Features/Main/Views/Goals/GoalDetailView.swift (in target 'FinaLit' from project 'FinaLit')

SwiftCompile normal arm64 /Users/aplle/Desktop/swift\ learning/FinaLit/FinaLit/Features/Main/Views/Goals/AddGoalView.swift (in target 'FinaLit' from project 'FinaLit')
    cd /Users/aplle/Desktop/swift\ learning/FinaLit
    

SwiftCompile normal arm64 /Users/aplle/Desktop/swift\ learning/FinaLit/FinaLit/Features/Main/Views/Goals/GoalDetailView.swift (in target 'FinaLit' from project 'FinaLit')
    cd /Users/aplle/Desktop/swift\ learning/FinaLit
    

SwiftCompile normal arm64 Compiling\ EmptyGoalsCard.swift,\ GoalCard.swift /Users/aplle/Desktop/swift\ learning/FinaLit/FinaLit/Features/Main/Views/Goals/Subviews/EmptyGoalsCard.swift /Users/aplle/Desktop/swift\ learning/FinaLit/FinaLit/Features/Main/Views/Goals/Subviews/GoalCard.swift (in target 'FinaLit' from project 'FinaLit')

SwiftCompile normal arm64 /Users/aplle/Desktop/swift\ learning/FinaLit/FinaLit/Features/Main/Views/Goals/Subviews/EmptyGoalsCard.swift (in target 'FinaLit' from project 'FinaLit')
    cd /Users/aplle/Desktop/swift\ learning/FinaLit
    

SwiftCompile normal arm64 /Users/aplle/Desktop/swift\ learning/FinaLit/FinaLit/Features/Main/Views/Goals/Subviews/GoalCard.swift (in target 'FinaLit' from project 'FinaLit')
    cd /Users/aplle/Desktop/swift\ learning/FinaLit
    

SwiftCompile normal arm64 Compiling\ BudgetCategoryCard.swift,\ TotalBudgetCard.swift /Users/aplle/Desktop/swift\ learning/FinaLit/FinaLit/Features/Main/Views/Budget/Subviews/BudgetCategoryCard.swift /Users/aplle/Desktop/swift\ learning/FinaLit/FinaLit/Features/Main/Views/Budget/Subviews/TotalBudgetCard.swift (in target 'FinaLit' from project 'FinaLit')

SwiftCompile normal arm64 /Users/aplle/Desktop/swift\ learning/FinaLit/FinaLit/Features/Main/Views/Budget/Subviews/BudgetCategoryCard.swift (in target 'FinaLit' from project 'FinaLit')
    cd /Users/aplle/Desktop/swift\ learning/FinaLit
    

SwiftCompile normal arm64 /Users/aplle/Desktop/swift\ learning/FinaLit/FinaLit/Features/Main/Views/Budget/Subviews/TotalBudgetCard.swift (in target 'FinaLit' from project 'FinaLit')
    cd /Users/aplle/Desktop/swift\ learning/FinaLit
    

SwiftCompile normal arm64 Compiling\ TransactionCategory.swift,\ BehaviorProfile.swift /Users/aplle/Desktop/swift\ learning/FinaLit/FinaLit/Shared/Models/Transactions/TransactionCategory.swift /Users/aplle/Desktop/swift\ learning/FinaLit/FinaLit/Shared/Models/BehaviorProfile.swift (in target 'FinaLit' from project 'FinaLit')

SwiftCompile normal arm64 /Users/aplle/Desktop/swift\ learning/FinaLit/FinaLit/Shared/Models/Transactions/TransactionCategory.swift (in target 'FinaLit' from project 'FinaLit')
    cd /Users/aplle/Desktop/swift\ learning/FinaLit
    

SwiftCompile normal arm64 /Users/aplle/Desktop/swift\ learning/FinaLit/FinaLit/Shared/Models/BehaviorProfile.swift (in target 'FinaLit' from project 'FinaLit')
    cd /Users/aplle/Desktop/swift\ learning/FinaLit
    

SwiftCompile normal arm64 Compiling\ GoalsView.swift,\ TransactionsView.swift /Users/aplle/Desktop/swift\ learning/FinaLit/FinaLit/Features/Main/Views/Goals/GoalsView.swift /Users/aplle/Desktop/swift\ learning/FinaLit/FinaLit/Features/Main/Views/Transactions/TransactionsView.swift (in target 'FinaLit' from project 'FinaLit')

SwiftCompile normal arm64 /Users/aplle/Desktop/swift\ learning/FinaLit/FinaLit/Features/Main/Views/Goals/GoalsView.swift (in target 'FinaLit' from project 'FinaLit')
    cd /Users/aplle/Desktop/swift\ learning/FinaLit
    

SwiftCompile normal arm64 /Users/aplle/Desktop/swift\ learning/FinaLit/FinaLit/Features/Main/Views/Transactions/TransactionsView.swift (in target 'FinaLit' from project 'FinaLit')
    cd /Users/aplle/Desktop/swift\ learning/FinaLit
    

SwiftDriverJobDiscovery normal arm64 Compiling TransactionDetailView.swift (in target 'FinaLit' from project 'FinaLit')

SwiftCompile normal arm64 Compiling\ EmptyTransactionsCard.swift,\ DashboardView.swift /Users/aplle/Desktop/swift\ learning/FinaLit/FinaLit/Features/Main/Views/Dashboard/Subviews/EmptyTransactionsCard.swift /Users/aplle/Desktop/swift\ learning/FinaLit/FinaLit/Features/Main/Views/Dashboard/DashboardView.swift (in target 'FinaLit' from project 'FinaLit')

SwiftCompile normal arm64 /Users/aplle/Desktop/swift\ learning/FinaLit/FinaLit/Features/Main/Views/Dashboard/Subviews/EmptyTransactionsCard.swift (in target 'FinaLit' from project 'FinaLit')
    cd /Users/aplle/Desktop/swift\ learning/FinaLit
    

SwiftCompile normal arm64 /Users/aplle/Desktop/swift\ learning/FinaLit/FinaLit/Features/Main/Views/Dashboard/DashboardView.swift (in target 'FinaLit' from project 'FinaLit')
    cd /Users/aplle/Desktop/swift\ learning/FinaLit
    

SwiftDriverJobDiscovery normal arm64 Compiling EmptyGoalsCard.swift, GoalCard.swift (in target 'FinaLit' from project 'FinaLit')

SwiftCompile normal arm64 Compiling\ AddTransactionView.swift,\ FinancialStability.swift /Users/aplle/Desktop/swift\ learning/FinaLit/FinaLit/Features/Main/Views/AddTransactionView.swift /Users/aplle/Desktop/swift\ learning/FinaLit/FinaLit/Shared/Models/Transactions/FinancialStability.swift (in target 'FinaLit' from project 'FinaLit')

SwiftCompile normal arm64 /Users/aplle/Desktop/swift\ learning/FinaLit/FinaLit/Features/Main/Views/AddTransactionView.swift (in target 'FinaLit' from project 'FinaLit')
    cd /Users/aplle/Desktop/swift\ learning/FinaLit
    

SwiftCompile normal arm64 /Users/aplle/Desktop/swift\ learning/FinaLit/FinaLit/Shared/Models/Transactions/FinancialStability.swift (in target 'FinaLit' from project 'FinaLit')
    cd /Users/aplle/Desktop/swift\ learning/FinaLit
    

SwiftDriverJobDiscovery normal arm64 Compiling TransactionCategory.swift, BehaviorProfile.swift (in target 'FinaLit' from project 'FinaLit')

SwiftDriverJobDiscovery normal arm64 Compiling BudgetCategoryCard.swift, TotalBudgetCard.swift (in target 'FinaLit' from project 'FinaLit')

SwiftDriverJobDiscovery normal arm64 Compiling BudgetView.swift, InsightsView.swift (in target 'FinaLit' from project 'FinaLit')

SwiftDriverJobDiscovery normal arm64 Compiling PayDebtSheet.swift, EmptyGoalsPreviewCard.swift (in target 'FinaLit' from project 'FinaLit')

SwiftDriverJobDiscovery normal arm64 Compiling AddDebtSheet.swift, GoalContributionSheet.swift (in target 'FinaLit' from project 'FinaLit')

SwiftDriverJobDiscovery normal arm64 Compiling AddGoalView.swift, GoalDetailView.swift (in target 'FinaLit' from project 'FinaLit')

SwiftDriverJobDiscovery normal arm64 Compiling GoalsView.swift, TransactionsView.swift (in target 'FinaLit' from project 'FinaLit')

SwiftDriverJobDiscovery normal arm64 Compiling AddTransactionView.swift, FinancialStability.swift (in target 'FinaLit' from project 'FinaLit')

SwiftDriverJobDiscovery normal arm64 Compiling EmptyTransactionsCard.swift, DashboardView.swift (in target 'FinaLit' from project 'FinaLit')

SwiftDriverJobDiscovery normal arm64 Emitting module for FinaLit (in target 'FinaLit' from project 'FinaLit')

SwiftDriver\ Compilation\ Requirements FinaLit normal arm64 com.apple.xcode.tools.swift.compiler (in target 'FinaLit' from project 'FinaLit')
    cd /Users/aplle/Desktop/swift\ learning/FinaLit
    builtin-Swift-Compilation-Requirements -- /Applications/Xcode.app/Contents/Developer/Toolchains/XcodeDefault.xctoolchain/usr/bin/swiftc -module-name FinaLit -Onone -enforce-exclusivity\=checked @/Users/aplle/Library/Developer/Xcode/DerivedData/FinaLit-axmxopijkrmfrafbckwgngfoynqm/Build/Intermediates.noindex/FinaLit.build/Debug-iphoneos/FinaLit.build/Objects-normal/arm64/FinaLit.SwiftFileList -DDEBUG -Xcc -fmodule-map-file\=/Users/aplle/Library/Developer/Xcode/DerivedData/FinaLit-axmxopijkrmfrafbckwgngfoynqm/Build/Intermediates.noindex/GeneratedModuleMaps-iphoneos/RecaptchaInterop.modulemap -Xcc -fmodule-map-file\=/Users/aplle/Library/Developer/Xcode/DerivedData/FinaLit-axmxopijkrmfrafbckwgngfoynqm/Build/Intermediates.noindex/GeneratedModuleMaps-iphoneos/GoogleUtilities-Network.modulemap -Xcc -fmodule-map-file\=/Users/aplle/Library/Developer/Xcode/DerivedData/FinaLit-axmxopijkrmfrafbckwgngfoynqm/Build/Intermediates.noindex/GeneratedModuleMaps-iphoneos/GoogleUtilities-Reachability.modulemap -Xcc -fmodule-map-file\=/Users/aplle/Library/Developer/Xcode/DerivedData/FinaLit-axmxopijkrmfrafbckwgngfoynqm/Build/Intermediates.noindex/GeneratedModuleMaps-iphoneos/GoogleUtilities-AppDelegateSwizzler.modulemap -Xcc -fmodule-map-file\=/Users/aplle/Library/Developer/Xcode/DerivedData/FinaLit-axmxopijkrmfrafbckwgngfoynqm/Build/Intermediates.noindex/GeneratedModuleMaps-iphoneos/FirebaseAuthInternal.modulemap -Xcc -fmodule-map-file\=/Users/aplle/Library/Developer/Xcode/DerivedData/FinaLit-axmxopijkrmfrafbckwgngfoynqm/Build/Intermediates.noindex/GeneratedModuleMaps-iphoneos/abslWrapper.modulemap -Xcc -fmodule-map-file\=/Users/aplle/Library/Developer/Xcode/DerivedData/FinaLit-axmxopijkrmfrafbckwgngfoynqm/Build/Intermediates.noindex/GeneratedModuleMaps-iphoneos/opensslWrapper.modulemap -Xcc -fmodule-map-file\=/Users/aplle/Library/Developer/Xcode/DerivedData/FinaLit-axmxopijkrmfrafbckwgngfoynqm/Build/Intermediates.noindex/GeneratedModuleMaps-iphoneos/grpcWrapper.modulemap -Xcc -fmodule-map-file\=/Users/aplle/Library/Developer/Xcode/DerivedData/FinaLit-axmxopijkrmfrafbckwgngfoynqm/Build/Intermediates.noindex/GeneratedModuleMaps-iphoneos/grpcppWrapper.modulemap -Xcc -fmodule-map-file\=/Users/aplle/Library/Developer/Xcode/DerivedData/FinaLit-axmxopijkrmfrafbckwgngfoynqm/Build/Intermediates.noindex/GeneratedModuleMaps-iphoneos/nanopb.modulemap -Xcc -fmodule-map-file\=/Users/aplle/Library/Developer/Xcode/DerivedData/FinaLit-axmxopijkrmfrafbckwgngfoynqm/Build/Intermediates.noindex/GeneratedModuleMaps-iphoneos/leveldb.modulemap -Xcc -fmodule-map-file\=/Users/aplle/Library/Developer/Xcode/DerivedData/FinaLit-axmxopijkrmfrafbckwgngfoynqm/Build/Intermediates.noindex/GeneratedModuleMaps-iphoneos/FirebaseFirestoreInternalWrapper.modulemap -Xcc -fmodule-map-file\=/Users/aplle/Library/Developer/Xcode/DerivedData/FinaLit-axmxopijkrmfrafbckwgngfoynqm/Build/Intermediates.noindex/GeneratedModuleMaps-iphoneos/FirebaseFirestoreTarget.modulemap -Xcc -fmodule-map-file\=/Users/aplle/Library/Developer/Xcode/DerivedData/FinaLit-axmxopijkrmfrafbckwgngfoynqm/Build/Intermediates.noindex/GeneratedModuleMaps-iphoneos/GoogleUtilities-NSData.modulemap -Xcc -fmodule-map-file\=/Users/aplle/Library/Developer/Xcode/DerivedData/FinaLit-axmxopijkrmfrafbckwgngfoynqm/Build/Intermediates.noindex/GeneratedModuleMaps-iphoneos/FirebaseCoreExtension.modulemap -Xcc -fmodule-map-file\=/Users/aplle/Library/Developer/Xcode/DerivedData/FinaLit-axmxopijkrmfrafbckwgngfoynqm/Build/Intermediates.noindex/GeneratedModuleMaps-iphoneos/FirebaseCore.modulemap -Xcc -fmodule-map-file\=/Users/aplle/Library/Developer/Xcode/DerivedData/FinaLit-axmxopijkrmfrafbckwgngfoynqm/Build/Intermediates.noindex/GeneratedModuleMaps-iphoneos/FirebaseAuthInterop.modulemap -Xcc -fmodule-map-file\=/Users/aplle/Library/Developer/Xcode/DerivedData/FinaLit-axmxopijkrmfrafbckwgngfoynqm/Build/Intermediates.noindex/GeneratedModuleMaps-iphoneos/FirebaseAppCheckInterop.modulemap -Xcc -fmodule-map-file\=/Users/aplle/Library/Developer/Xcode/DerivedData/FinaLit-axmxopijkrmfrafbckwgngfoynqm/Build/Intermediates.noindex/GeneratedModuleMaps-iphoneos/AppAuth.modulemap -Xcc -fmodule-map-file\=/Users/aplle/Library/Developer/Xcode/DerivedData/FinaLit-axmxopijkrmfrafbckwgngfoynqm/Build/Intermediates.noindex/GeneratedModuleMaps-iphoneos/AppAuthCore.modulemap -Xcc -fmodule-map-file\=/Users/aplle/Library/Developer/Xcode/DerivedData/FinaLit-axmxopijkrmfrafbckwgngfoynqm/Build/Intermediates.noindex/GeneratedModuleMaps-iphoneos/GoogleUtilities-Logger.modulemap -Xcc -fmodule-map-file\=/Users/aplle/Library/Developer/Xcode/DerivedData/FinaLit-axmxopijkrmfrafbckwgngfoynqm/Build/Intermediates.noindex/GeneratedModuleMaps-iphoneos/GoogleUtilities-Environment.modulemap -Xcc -fmodule-map-file\=/Users/aplle/Library/Developer/Xcode/DerivedData/FinaLit-axmxopijkrmfrafbckwgngfoynqm/Build/Intermediates.noindex/GeneratedModuleMaps-iphoneos/third-party-IsAppEncrypted.modulemap -Xcc -fmodule-map-file\=/Users/aplle/Library/Developer/Xcode/DerivedData/FinaLit-axmxopijkrmfrafbckwgngfoynqm/Build/Intermediates.noindex/GeneratedModuleMaps-iphoneos/GoogleUtilities-UserDefaults.modulemap -Xcc -fmodule-map-file\=/Users/aplle/Library/Developer/Xcode/DerivedData/FinaLit-axmxopijkrmfrafbckwgngfoynqm/Build/Intermediates.noindex/GeneratedModuleMaps-iphoneos/AppCheckCore.modulemap -Xcc -fmodule-map-file\=/Users/aplle/Library/Developer/Xcode/DerivedData/FinaLit-axmxopijkrmfrafbckwgngfoynqm/Build/Intermediates.noindex/GeneratedModuleMaps-iphoneos/GTMSessionFetcherCore.modulemap -Xcc -fmodule-map-file\=/Users/aplle/Library/Developer/Xcode/DerivedData/FinaLit-axmxopijkrmfrafbckwgngfoynqm/Build/Intermediates.noindex/GeneratedModuleMaps-iphoneos/GoogleSignIn.modulemap -default-isolation\=MainActor -enable-bare-slash-regex -enable-upcoming-feature DisableOutwardActorInference -enable-upcoming-feature InferSendableFromCaptures -enable-upcoming-feature GlobalActorIsolatedTypesUsability -enable-upcoming-feature MemberImportVisibility -enable-upcoming-feature InferIsolatedConformances -enable-upcoming-feature NonisolatedNonsendingByDefault -enable-experimental-feature DebugDescriptionMacro -sdk /Applications/Xcode.app/Contents/Developer/Platforms/iPhoneOS.platform/Developer/SDKs/iPhoneOS26.0.sdk -target arm64-apple-ios18.0 -g -module-cache-path /Users/aplle/Library/Developer/Xcode/DerivedData/ModuleCache.noindex -Xfrontend -serialize-debugging-options -enable-testing -index-store-path /Users/aplle/Library/Developer/Xcode/DerivedData/FinaLit-axmxopijkrmfrafbckwgngfoynqm/Index.noindex/DataStore -Xcc -D_LIBCPP_HARDENING_MODE\=_LIBCPP_HARDENING_MODE_DEBUG -swift-version 5 -I /Users/aplle/Library/Developer/Xcode/DerivedData/FinaLit-axmxopijkrmfrafbckwgngfoynqm/Build/Products/Debug-iphoneos -F /Users/aplle/Library/Developer/Xcode/DerivedData/FinaLit-axmxopijkrmfrafbckwgngfoynqm/Build/Products/Debug-iphoneos/PackageFrameworks -F /Users/aplle/Library/Developer/Xcode/DerivedData/FinaLit-axmxopijkrmfrafbckwgngfoynqm/Build/Products/Debug-iphoneos/PackageFrameworks -F /Users/aplle/Library/Developer/Xcode/DerivedData/FinaLit-axmxopijkrmfrafbckwgngfoynqm/Build/Products/Debug-iphoneos/PackageFrameworks -F /Users/aplle/Library/Developer/Xcode/DerivedData/FinaLit-axmxopijkrmfrafbckwgngfoynqm/Build/Products/Debug-iphoneos/PackageFrameworks -F /Users/aplle/Library/Developer/Xcode/DerivedData/FinaLit-axmxopijkrmfrafbckwgngfoynqm/Build/Products/Debug-iphoneos/PackageFrameworks -F /Users/aplle/Library/Developer/Xcode/DerivedData/FinaLit-axmxopijkrmfrafbckwgngfoynqm/Build/Products/Debug-iphoneos/PackageFrameworks -F /Users/aplle/Library/Developer/Xcode/DerivedData/FinaLit-axmxopijkrmfrafbckwgngfoynqm/Build/Products/Debug-iphoneos/PackageFrameworks -F /Users/aplle/Library/Developer/Xcode/DerivedData/FinaLit-axmxopijkrmfrafbckwgngfoynqm/Build/Products/Debug-iphoneos/PackageFrameworks -F /Users/aplle/Library/Developer/Xcode/DerivedData/FinaLit-axmxopijkrmfrafbckwgngfoynqm/Build/Products/Debug-iphoneos/PackageFrameworks -F /Users/aplle/Library/Developer/Xcode/DerivedData/FinaLit-axmxopijkrmfrafbckwgngfoynqm/Build/Products/Debug-iphoneos/PackageFrameworks -F /Users/aplle/Library/Developer/Xcode/DerivedData/FinaLit-axmxopijkrmfrafbckwgngfoynqm/Build/Products/Debug-iphoneos/PackageFrameworks -F /Users/aplle/Library/Developer/Xcode/DerivedData/FinaLit-axmxopijkrmfrafbckwgngfoynqm/Build/Products/Debug-iphoneos/PackageFrameworks -F /Users/aplle/Library/Developer/Xcode/DerivedData/FinaLit-axmxopijkrmfrafbckwgngfoynqm/Build/Products/Debug-iphoneos/PackageFrameworks -F /Users/aplle/Library/Developer/Xcode/DerivedData/FinaLit-axmxopijkrmfrafbckwgngfoynqm/Build/Products/Debug-iphoneos/PackageFrameworks -F /Users/aplle/Library/Developer/Xcode/DerivedData/FinaLit-axmxopijkrmfrafbckwgngfoynqm/Build/Products/Debug-iphoneos/PackageFrameworks -F /Users/aplle/Library/Developer/Xcode/DerivedData/FinaLit-axmxopijkrmfrafbckwgngfoynqm/Build/Products/Debug-iphoneos/PackageFrameworks -F /Users/aplle/Library/Developer/Xcode/DerivedData/FinaLit-axmxopijkrmfrafbckwgngfoynqm/Build/Products/Debug-iphoneos/PackageFrameworks -F /Users/aplle/Library/Developer/Xcode/DerivedData/FinaLit-axmxopijkrmfrafbckwgngfoynqm/Build/Products/Debug-iphoneos/PackageFrameworks -F /Users/aplle/Library/Developer/Xcode/DerivedData/FinaLit-axmxopijkrmfrafbckwgngfoynqm/Build/Products/Debug-iphoneos/PackageFrameworks -F /Users/aplle/Library/Developer/Xcode/DerivedData/FinaLit-axmxopijkrmfrafbckwgngfoynqm/Build/Products/Debug-iphoneos/PackageFrameworks -F /Users/aplle/Library/Developer/Xcode/DerivedData/FinaLit-axmxopijkrmfrafbckwgngfoynqm/Build/Products/Debug-iphoneos/PackageFrameworks -F /Users/aplle/Library/Developer/Xcode/DerivedData/FinaLit-axmxopijkrmfrafbckwgngfoynqm/Build/Products/Debug-iphoneos/PackageFrameworks -F /Users/aplle/Library/Developer/Xcode/DerivedData/FinaLit-axmxopijkrmfrafbckwgngfoynqm/Build/Products/Debug-iphoneos/PackageFrameworks -F /Users/aplle/Library/Developer/Xcode/DerivedData/FinaLit-axmxopijkrmfrafbckwgngfoynqm/Build/Products/Debug-iphoneos/PackageFrameworks -F /Users/aplle/Library/Developer/Xcode/DerivedData/FinaLit-axmxopijkrmfrafbckwgngfoynqm/Build/Products/Debug-iphoneos/PackageFrameworks -F /Users/aplle/Library/Developer/Xcode/DerivedData/FinaLit-axmxopijkrmfrafbckwgngfoynqm/Build/Products/Debug-iphoneos/PackageFrameworks -F /Users/aplle/Library/Developer/Xcode/DerivedData/FinaLit-axmxopijkrmfrafbckwgngfoynqm/Build/Products/Debug-iphoneos/PackageFrameworks -F /Users/aplle/Library/Developer/Xcode/DerivedData/FinaLit-axmxopijkrmfrafbckwgngfoynqm/Build/Products/Debug-iphoneos/PackageFrameworks -F /Users/aplle/Library/Developer/Xcode/DerivedData/FinaLit-axmxopijkrmfrafbckwgngfoynqm/Build/Products/Debug-iphoneos/PackageFrameworks -F /Users/aplle/Library/Developer/Xcode/DerivedData/FinaLit-axmxopijkrmfrafbckwgngfoynqm/Build/Products/Debug-iphoneos/PackageFrameworks -F /Users/aplle/Library/Developer/Xcode/DerivedData/FinaLit-axmxopijkrmfrafbckwgngfoynqm/Build/Products/Debug-iphoneos/PackageFrameworks -F /Users/aplle/Library/Developer/Xcode/DerivedData/FinaLit-axmxopijkrmfrafbckwgngfoynqm/Build/Products/Debug-iphoneos/PackageFrameworks -F /Users/aplle/Library/Developer/Xcode/DerivedData/FinaLit-axmxopijkrmfrafbckwgngfoynqm/Build/Products/Debug-iphoneos/PackageFrameworks -F /Users/aplle/Library/Developer/Xcode/DerivedData/FinaLit-axmxopijkrmfrafbckwgngfoynqm/Build/Products/Debug-iphoneos/PackageFrameworks -F /Users/aplle/Library/Developer/Xcode/DerivedData/FinaLit-axmxopijkrmfrafbckwgngfoynqm/Build/Products/Debug-iphoneos/PackageFrameworks -F /Users/aplle/Library/Developer/Xcode/DerivedData/FinaLit-axmxopijkrmfrafbckwgngfoynqm/Build/Products/Debug-iphoneos/PackageFrameworks -F /Users/aplle/Library/Developer/Xcode/DerivedData/FinaLit-axmxopijkrmfrafbckwgngfoynqm/Build/Products/Debug-iphoneos/PackageFrameworks -F /Users/aplle/Library/Developer/Xcode/DerivedData/FinaLit-axmxopijkrmfrafbckwgngfoynqm/Build/Products/Debug-iphoneos -emit-localized-strings -emit-localized-strings-path /Users/aplle/Library/Developer/Xcode/DerivedData/FinaLit-axmxopijkrmfrafbckwgngfoynqm/Build/Intermediates.noindex/FinaLit.build/Debug-iphoneos/FinaLit.build/Objects-normal/arm64 -c -j10 -enable-batch-mode -incremental -Xcc -ivfsstatcache -Xcc /Users/aplle/Library/Developer/Xcode/DerivedData/SDKStatCaches.noindex/iphoneos26.0-23A339-81ce72e5b06c9602b9d30b56f2eed08a.sdkstatcache -output-file-map /Users/aplle/Library/Developer/Xcode/DerivedData/FinaLit-axmxopijkrmfrafbckwgngfoynqm/Build/Intermediates.noindex/FinaLit.build/Debug-iphoneos/FinaLit.build/Objects-normal/arm64/FinaLit-OutputFileMap.json -use-frontend-parseable-output -save-temps -no-color-diagnostics -explicit-module-build -module-cache-path /Users/aplle/Library/Developer/Xcode/DerivedData/FinaLit-axmxopijkrmfrafbckwgngfoynqm/Build/Intermediates.noindex/SwiftExplicitPrecompiledModules -clang-scanner-module-cache-path /Users/aplle/Library/Developer/Xcode/DerivedData/ModuleCache.noindex -sdk-module-cache-path /Users/aplle/Library/Developer/Xcode/DerivedData/ModuleCache.noindex -serialize-diagnostics -emit-dependencies -emit-module -emit-module-path /Users/aplle/Library/Developer/Xcode/DerivedData/FinaLit-axmxopijkrmfrafbckwgngfoynqm/Build/Intermediates.noindex/FinaLit.build/Debug-iphoneos/FinaLit.build/Objects-normal/arm64/FinaLit.swiftmodule -validate-clang-modules-once -clang-build-session-file /Users/aplle/Library/Developer/Xcode/DerivedData/ModuleCache.noindex/Session.modulevalidation -Xcc -I/Users/aplle/Library/Developer/Xcode/DerivedData/FinaLit-axmxopijkrmfrafbckwgngfoynqm/Build/Intermediates.noindex/FinaLit.build/Debug-iphoneos/FinaLit.build/swift-overrides.hmap -emit-const-values -Xfrontend -const-gather-protocols-file -Xfrontend /Users/aplle/Library/Developer/Xcode/DerivedData/FinaLit-axmxopijkrmfrafbckwgngfoynqm/Build/Intermediates.noindex/FinaLit.build/Debug-iphoneos/FinaLit.build/Objects-normal/arm64/FinaLit_const_extract_protocols.json -Xcc -iquote -Xcc /Users/aplle/Library/Developer/Xcode/DerivedData/FinaLit-axmxopijkrmfrafbckwgngfoynqm/Build/Intermediates.noindex/FinaLit.build/Debug-iphoneos/FinaLit.build/FinaLit-generated-files.hmap -Xcc -I/Users/aplle/Library/Developer/Xcode/DerivedData/FinaLit-axmxopijkrmfrafbckwgngfoynqm/Build/Intermediates.noindex/FinaLit.build/Debug-iphoneos/FinaLit.build/FinaLit-own-target-headers.hmap -Xcc -I/Users/aplle/Library/Developer/Xcode/DerivedData/FinaLit-axmxopijkrmfrafbckwgngfoynqm/Build/Intermediates.noindex/FinaLit.build/Debug-iphoneos/FinaLit.build/FinaLit-all-non-framework-target-headers.hmap -Xcc -ivfsoverlay -Xcc /Users/aplle/Library/Developer/Xcode/DerivedData/FinaLit-axmxopijkrmfrafbckwgngfoynqm/Build/Intermediates.noindex/FinaLit.build/Debug-iphoneos/FinaLit-47043bb7366f0fef3c449638f38c5be4-VFS-iphoneos/all-product-headers.yaml -Xcc -iquote -Xcc /Users/aplle/Library/Developer/Xcode/DerivedData/FinaLit-axmxopijkrmfrafbckwgngfoynqm/Build/Intermediates.noindex/FinaLit.build/Debug-iphoneos/FinaLit.build/FinaLit-project-headers.hmap -Xcc -I/Users/aplle/Library/Developer/Xcode/DerivedData/FinaLit-axmxopijkrmfrafbckwgngfoynqm/SourcePackages/checkouts/interop-ios-for-google-sdks/RecaptchaEnterprise/RecaptchaInterop/Public -Xcc -I/Users/aplle/Library/Developer/Xcode/DerivedData/FinaLit-axmxopijkrmfrafbckwgngfoynqm/SourcePackages/checkouts/GoogleUtilities/GoogleUtilities/Network/Public -Xcc -I/Users/aplle/Library/Developer/Xcode/DerivedData/FinaLit-axmxopijkrmfrafbckwgngfoynqm/SourcePackages/checkouts/GoogleUtilities/GoogleUtilities/Reachability/Public -Xcc -I/Users/aplle/Library/Developer/Xcode/DerivedData/FinaLit-axmxopijkrmfrafbckwgngfoynqm/SourcePackages/checkouts/GoogleUtilities/GoogleUtilities/AppDelegateSwizzler/Public -Xcc -I/Users/aplle/Library/Developer/Xcode/DerivedData/FinaLit-axmxopijkrmfrafbckwgngfoynqm/SourcePackages/checkouts/firebase-ios-sdk/FirebaseAuth/Sources/Public -Xcc -I/Users/aplle/Library/Developer/Xcode/DerivedData/FinaLit-axmxopijkrmfrafbckwgngfoynqm/SourcePackages/checkouts/abseil-cpp-binary/absl-Wrapper/include -Xcc -I/Users/aplle/Library/Developer/Xcode/DerivedData/FinaLit-axmxopijkrmfrafbckwgngfoynqm/SourcePackages/checkouts/grpc-binary/openssl-grpc-Wrapper/include -Xcc -I/Users/aplle/Library/Developer/Xcode/DerivedData/FinaLit-axmxopijkrmfrafbckwgngfoynqm/SourcePackages/checkouts/grpc-binary/grpc-Wrapper/include -Xcc -I/Users/aplle/Library/Developer/Xcode/DerivedData/FinaLit-axmxopijkrmfrafbckwgngfoynqm/SourcePackages/checkouts/grpc-binary/grpcpp-Wrapper/include -Xcc -I/Users/aplle/Library/Developer/Xcode/DerivedData/FinaLit-axmxopijkrmfrafbckwgngfoynqm/SourcePackages/checkouts/nanopb/spm_headers -Xcc -I/Users/aplle/Library/Developer/Xcode/DerivedData/FinaLit-axmxopijkrmfrafbckwgngfoynqm/SourcePackages/checkouts/leveldb/include -Xcc -I/Users/aplle/Library/Developer/Xcode/DerivedData/FinaLit-axmxopijkrmfrafbckwgngfoynqm/SourcePackages/checkouts/firebase-ios-sdk/FirebaseFirestoreInternal -Xcc -I/Users/aplle/Library/Developer/Xcode/DerivedData/FinaLit-axmxopijkrmfrafbckwgngfoynqm/SourcePackages/checkouts/firebase-ios-sdk/SwiftPM-PlatformExclude/FirebaseFirestoreWrap/include -Xcc -I/Users/aplle/Library/Developer/Xcode/DerivedData/FinaLit-axmxopijkrmfrafbckwgngfoynqm/SourcePackages/checkouts/GoogleUtilities/GoogleUtilities/NSData+zlib/Public -Xcc -I/Users/aplle/Library/Developer/Xcode/DerivedData/FinaLit-axmxopijkrmfrafbckwgngfoynqm/SourcePackages/checkouts/firebase-ios-sdk/FirebaseCore/Extension -Xcc -I/Users/aplle/Library/Developer/Xcode/DerivedData/FinaLit-axmxopijkrmfrafbckwgngfoynqm/SourcePackages/checkouts/firebase-ios-sdk/FirebaseCore/Sources/Public -Xcc -I/Users/aplle/Library/Developer/Xcode/DerivedData/FinaLit-axmxopijkrmfrafbckwgngfoynqm/SourcePackages/checkouts/firebase-ios-sdk/CoreOnly/Sources -Xcc -I/Users/aplle/Library/Developer/Xcode/DerivedData/FinaLit-axmxopijkrmfrafbckwgngfoynqm/SourcePackages/checkouts/firebase-ios-sdk/FirebaseAuth/Interop/Public -Xcc -I/Users/aplle/Library/Developer/Xcode/DerivedData/FinaLit-axmxopijkrmfrafbckwgngfoynqm/SourcePackages/checkouts/firebase-ios-sdk/FirebaseAppCheck/Interop/Public -Xcc -I/Users/aplle/Library/Developer/Xcode/DerivedData/FinaLit-axmxopijkrmfrafbckwgngfoynqm/SourcePackages/checkouts/AppAuth-iOS/Sources/AppAuth -Xcc -I/Users/aplle/Library/Developer/Xcode/DerivedData/FinaLit-axmxopijkrmfrafbckwgngfoynqm/SourcePackages/checkouts/AppAuth-iOS/Sources/AppAuthCore -Xcc -I/Users/aplle/Library/Developer/Xcode/DerivedData/FinaLit-axmxopijkrmfrafbckwgngfoynqm/SourcePackages/checkouts/promises/Sources/FBLPromises/include -Xcc -I/Users/aplle/Library/Developer/Xcode/DerivedData/FinaLit-axmxopijkrmfrafbckwgngfoynqm/SourcePackages/checkouts/GoogleUtilities/GoogleUtilities/Logger/Public -Xcc -I/Users/aplle/Library/Developer/Xcode/DerivedData/FinaLit-axmxopijkrmfrafbckwgngfoynqm/SourcePackages/checkouts/GoogleUtilities/GoogleUtilities/Environment/Public -Xcc -I/Users/aplle/Library/Developer/Xcode/DerivedData/FinaLit-axmxopijkrmfrafbckwgngfoynqm/SourcePackages/checkouts/GoogleUtilities/third_party/IsAppEncrypted/Public -Xcc -I/Users/aplle/Library/Developer/Xcode/DerivedData/FinaLit-axmxopijkrmfrafbckwgngfoynqm/SourcePackages/checkouts/GoogleUtilities/GoogleUtilities/UserDefaults/Public -Xcc -I/Users/aplle/Library/Developer/Xcode/DerivedData/FinaLit-axmxopijkrmfrafbckwgngfoynqm/SourcePackages/checkouts/app-check/AppCheckCore/Sources/Public -Xcc -I/Users/aplle/Library/Developer/Xcode/DerivedData/FinaLit-axmxopijkrmfrafbckwgngfoynqm/SourcePackages/checkouts/gtm-session-fetcher/Sources/Core/Public -Xcc -I/Users/aplle/Library/Developer/Xcode/DerivedData/FinaLit-axmxopijkrmfrafbckwgngfoynqm/SourcePackages/checkouts/GoogleSignIn-iOS/GoogleSignIn/Sources/Public -Xcc -I/Users/aplle/Library/Developer/Xcode/DerivedData/FinaLit-axmxopijkrmfrafbckwgngfoynqm/Build/Products/Debug-iphoneos/include -Xcc -I/Users/aplle/Library/Developer/Xcode/DerivedData/FinaLit-axmxopijkrmfrafbckwgngfoynqm/Build/Intermediates.noindex/FinaLit.build/Debug-iphoneos/FinaLit.build/DerivedSources-normal/arm64 -Xcc -I/Users/aplle/Library/Developer/Xcode/DerivedData/FinaLit-axmxopijkrmfrafbckwgngfoynqm/Build/Intermediates.noindex/FinaLit.build/Debug-iphoneos/FinaLit.build/DerivedSources/arm64 -Xcc -I/Users/aplle/Library/Developer/Xcode/DerivedData/FinaLit-axmxopijkrmfrafbckwgngfoynqm/Build/Intermediates.noindex/FinaLit.build/Debug-iphoneos/FinaLit.build/DerivedSources -Xcc -DDEBUG\=1 -emit-objc-header -emit-objc-header-path /Users/aplle/Library/Developer/Xcode/DerivedData/FinaLit-axmxopijkrmfrafbckwgngfoynqm/Build/Intermediates.noindex/FinaLit.build/Debug-iphoneos/FinaLit.build/Objects-normal/arm64/FinaLit-Swift.h -working-directory /Users/aplle/Desktop/swift\ learning/FinaLit -experimental-emit-module-separately -disable-cmo

Copy /Users/aplle/Library/Developer/Xcode/DerivedData/FinaLit-axmxopijkrmfrafbckwgngfoynqm/Build/Products/Debug-iphoneos/FinaLit.swiftmodule/arm64-apple-ios.abi.json /Users/aplle/Library/Developer/Xcode/DerivedData/FinaLit-axmxopijkrmfrafbckwgngfoynqm/Build/Intermediates.noindex/FinaLit.build/Debug-iphoneos/FinaLit.build/Objects-normal/arm64/FinaLit.abi.json (in target 'FinaLit' from project 'FinaLit')
    cd /Users/aplle/Desktop/swift\ learning/FinaLit
    builtin-copy -exclude .DS_Store -exclude CVS -exclude .svn -exclude .git -exclude .hg -resolve-src-symlinks -rename /Users/aplle/Library/Developer/Xcode/DerivedData/FinaLit-axmxopijkrmfrafbckwgngfoynqm/Build/Intermediates.noindex/FinaLit.build/Debug-iphoneos/FinaLit.build/Objects-normal/arm64/FinaLit.abi.json /Users/aplle/Library/Developer/Xcode/DerivedData/FinaLit-axmxopijkrmfrafbckwgngfoynqm/Build/Products/Debug-iphoneos/FinaLit.swiftmodule/arm64-apple-ios.abi.json

Copy /Users/aplle/Library/Developer/Xcode/DerivedData/FinaLit-axmxopijkrmfrafbckwgngfoynqm/Build/Products/Debug-iphoneos/FinaLit.swiftmodule/arm64-apple-ios.swiftmodule /Users/aplle/Library/Developer/Xcode/DerivedData/FinaLit-axmxopijkrmfrafbckwgngfoynqm/Build/Intermediates.noindex/FinaLit.build/Debug-iphoneos/FinaLit.build/Objects-normal/arm64/FinaLit.swiftmodule (in target 'FinaLit' from project 'FinaLit')
    cd /Users/aplle/Desktop/swift\ learning/FinaLit
    builtin-copy -exclude .DS_Store -exclude CVS -exclude .svn -exclude .git -exclude .hg -resolve-src-symlinks -rename /Users/aplle/Library/Developer/Xcode/DerivedData/FinaLit-axmxopijkrmfrafbckwgngfoynqm/Build/Intermediates.noindex/FinaLit.build/Debug-iphoneos/FinaLit.build/Objects-normal/arm64/FinaLit.swiftmodule /Users/aplle/Library/Developer/Xcode/DerivedData/FinaLit-axmxopijkrmfrafbckwgngfoynqm/Build/Products/Debug-iphoneos/FinaLit.swiftmodule/arm64-apple-ios.swiftmodule

Copy /Users/aplle/Library/Developer/Xcode/DerivedData/FinaLit-axmxopijkrmfrafbckwgngfoynqm/Build/Products/Debug-iphoneos/FinaLit.swiftmodule/Project/arm64-apple-ios.swiftsourceinfo /Users/aplle/Library/Developer/Xcode/DerivedData/FinaLit-axmxopijkrmfrafbckwgngfoynqm/Build/Intermediates.noindex/FinaLit.build/Debug-iphoneos/FinaLit.build/Objects-normal/arm64/FinaLit.swiftsourceinfo (in target 'FinaLit' from project 'FinaLit')
    cd /Users/aplle/Desktop/swift\ learning/FinaLit
    builtin-copy -exclude .DS_Store -exclude CVS -exclude .svn -exclude .git -exclude .hg -resolve-src-symlinks -rename /Users/aplle/Library/Developer/Xcode/DerivedData/FinaLit-axmxopijkrmfrafbckwgngfoynqm/Build/Intermediates.noindex/FinaLit.build/Debug-iphoneos/FinaLit.build/Objects-normal/arm64/FinaLit.swiftsourceinfo /Users/aplle/Library/Developer/Xcode/DerivedData/FinaLit-axmxopijkrmfrafbckwgngfoynqm/Build/Products/Debug-iphoneos/FinaLit.swiftmodule/Project/arm64-apple-ios.swiftsourceinfo

** BUILD FAILED **


The following build commands failed:
	SwiftCompile normal arm64 /Users/aplle/Desktop/swift\ learning/FinaLit/FinaLit/Features/ProfileSettings/Views/ProfileSettingsHomeView.swift (in target 'FinaLit' from project 'FinaLit')
	SwiftCompile normal arm64 Compiling\ ProfileSettingsHomeView.swift /Users/aplle/Desktop/swift\ learning/FinaLit/FinaLit/Features/ProfileSettings/Views/ProfileSettingsHomeView.swift (in target 'FinaLit' from project 'FinaLit')
	Building project FinaLit with scheme FinaLit
(3 failures)
